"datetime","outcome","probability"
2026-07-22 09:00:07,"No change",0.834
2026-07-22 09:15:05,"No change",0.8375
2026-07-22 09:30:11,"No change",0.8395
2026-07-22 09:45:08,"No change",0.8395
2026-07-22 10:00:06,"No change",0.8395
2026-07-22 10:15:07,"No change",0.806
2026-07-22 10:30:07,"No change",0.7525
2026-07-22 10:45:09,"No change",0.7505
2026-07-22 11:00:13,"No change",0.76
2026-07-22 11:15:07,"No change",0.7845
2026-07-22 11:30:24,"No change",0.7705
2026-07-22 11:45:06,"No change",0.7655
2026-07-22 12:00:08,"No change",0.7625
2026-07-22 12:15:07,"No change",0.7595
2026-07-22 12:30:07,"No change",0.7645
2026-07-22 12:45:07,"No change",0.7815
2026-07-22 13:00:23,"No change",0.7795
2026-07-22 13:15:07,"No change",0.7795
2026-07-22 13:30:09,"No change",0.7785
2026-07-22 13:45:07,"No change",0.7785
2026-07-22 14:00:15,"No change",0.779
2026-07-22 14:15:07,"No change",0.7755
2026-07-22 14:30:08,"No change",0.777
2026-07-22 14:45:07,"No change",0.7795
2026-07-22 15:00:07,"No change",0.776
2026-07-22 15:15:07,"No change",0.775
2026-07-22 15:30:10,"No change",0.7735
2026-07-22 15:45:08,"No change",0.7625
2026-07-22 16:00:10,"No change",0.7665
2026-07-22 16:15:08,"No change",0.7675
2026-07-22 16:30:08,"No change",0.7675
2026-07-22 16:45:07,"No change",0.7725
2026-07-22 17:00:14,"No change",0.7715
2026-07-22 17:15:08,"No change",0.7705
2026-07-22 17:30:09,"No change",0.7695
2026-07-22 17:45:08,"No change",0.7695
2026-07-22 18:00:15,"No change",0.7695
2026-07-22 18:15:08,"No change",0.7695
2026-07-22 18:30:09,"No change",0.7655
2026-07-22 18:45:07,"No change",0.7655
2026-07-22 19:00:09,"No change",0.7615
2026-07-22 19:15:07,"No change",0.767
2026-07-22 19:30:10,"No change",0.7705
2026-07-22 19:45:08,"No change",0.7705
2026-07-22 20:00:20,"No change",0.7695
2026-07-22 20:15:07,"No change",0.7535
2026-07-22 20:30:07,"No change",0.7505
2026-07-22 20:45:08,"No change",0.7535
2026-07-22 21:00:21,"No change",0.7555
2026-07-22 21:15:10,"No change",0.7565
2026-07-22 21:30:08,"No change",0.7515
2026-07-22 21:45:08,"No change",0.7525
2026-07-22 22:00:10,"No change",0.7525
2026-07-22 22:15:07,"No change",0.7525
2026-07-22 22:30:10,"No change",0.751
2026-07-22 22:45:08,"No change",0.7455
2026-07-22 23:00:15,"No change",0.7455
2026-07-22 23:15:07,"No change",0.7455
2026-07-22 23:30:10,"No change",0.7465
2026-07-22 23:45:07,"No change",0.7465
2026-07-23 00:00:13,"No change",0.7465
2026-07-23 00:15:08,"No change",0.7495
2026-07-23 00:30:10,"No change",0.7495
2026-07-23 00:45:21,"No change",0.7535
2026-07-23 01:00:25,"No change",0.7535
2026-07-23 01:15:08,"No change",0.7535
2026-07-23 01:30:25,"No change",0.753
2026-07-23 01:45:09,"No change",0.754
2026-07-23 02:00:29,"No change",0.7545
2026-07-23 02:15:08,"No change",0.7545
2026-07-23 02:30:27,"No change",0.7545
2026-07-23 02:45:21,"No change",0.7555
2026-07-23 03:00:18,"No change",0.7545
2026-07-23 03:15:09,"No change",0.7545
2026-07-23 03:30:09,"No change",0.7495
2026-07-23 03:45:07,"No change",0.7615
2026-07-23 04:00:09,"No change",0.7625
2026-07-23 04:15:06,"No change",0.7615
2026-07-23 04:30:15,"No change",0.7615
2026-07-23 04:45:07,"No change",0.7615
2026-07-23 05:00:23,"No change",0.7595
2026-07-23 05:15:07,"No change",0.7605
2026-07-23 05:30:15,"No change",0.7655
2026-07-23 05:45:07,"No change",0.7685
2026-07-23 06:00:21,"No change",0.7775
2026-07-23 06:15:07,"No change",0.7635
2026-07-23 06:30:17,"No change",0.775
2026-07-23 06:45:08,"No change",0.7785
2026-07-23 07:00:12,"No change",0.7785
2026-07-23 07:15:12,"No change",0.7785
2026-07-23 07:30:15,"No change",0.7745
2026-07-23 07:45:07,"No change",0.7625
2026-07-23 08:00:32,"No change",0.7615
2026-07-23 08:15:07,"No change",0.7585
2026-07-23 08:30:19,"No change",0.7555
2026-07-23 08:45:07,"No change",0.7405
2026-07-23 09:00:15,"No change",0.7295
2026-07-23 09:15:07,"No change",0.717
2026-07-23 09:30:15,"No change",0.7265
2026-07-23 09:45:09,"No change",0.726
2026-07-23 10:00:15,"No change",0.7245
2026-07-23 10:15:07,"No change",0.7085
2026-07-23 10:30:17,"No change",0.7125
2026-07-23 10:45:06,"No change",0.7105
2026-07-23 11:00:31,"No change",0.7115
2026-07-23 11:15:11,"No change",0.7185
2026-07-23 11:30:27,"No change",0.7355
2026-07-23 11:45:08,"No change",0.7295
2026-07-23 12:00:15,"No change",0.7315
2026-07-23 12:15:07,"No change",0.741
2026-07-23 12:30:18,"No change",0.7405
2026-07-23 12:45:21,"No change",0.7395
2026-07-23 13:00:31,"No change",0.7395
2026-07-23 13:15:06,"No change",0.7395
2026-07-23 13:30:18,"No change",0.7395
2026-07-23 13:45:07,"No change",0.7365
2026-07-23 14:00:32,"No change",0.733
2026-07-23 14:15:09,"No change",0.735
2026-07-23 14:30:18,"No change",0.7385
2026-07-23 14:45:14,"No change",0.7375
2026-07-23 15:00:21,"No change",0.7385
2026-07-23 15:15:09,"No change",0.7385
2026-07-23 15:30:20,"No change",0.7375
2026-07-23 15:45:08,"No change",0.7375
2026-07-23 16:00:18,"No change",0.742
2026-07-23 16:15:10,"No change",0.7405
2026-07-23 16:30:17,"No change",0.7325
2026-07-23 16:45:09,"No change",0.7335
2026-07-23 17:00:24,"No change",0.7425
2026-07-23 17:15:10,"No change",0.741
2026-07-23 17:30:17,"No change",0.7445
2026-07-23 17:45:12,"No change",0.7415
2026-07-23 18:00:18,"No change",0.7415
2026-07-23 18:15:08,"No change",0.743
2026-07-23 18:30:17,"No change",0.7415
2026-07-23 18:45:10,"No change",0.7425
2026-07-23 19:00:17,"No change",0.7425
2026-07-23 19:15:11,"No change",0.7395
2026-07-23 19:30:14,"No change",0.7395
2026-07-23 19:45:13,"No change",0.7375
2026-07-23 20:00:26,"No change",0.7375
2026-07-23 20:15:08,"No change",0.7375
2026-07-23 20:30:11,"No change",0.7375
2026-07-23 20:45:06,"No change",0.7375
2026-07-23 21:00:11,"No change",0.7365
2026-07-23 21:15:08,"No change",0.7365
2026-07-23 21:30:11,"No change",0.7365
2026-07-23 21:45:06,"No change",0.7365
2026-07-23 22:00:14,"No change",0.7365
2026-07-23 22:15:08,"No change",0.7365
2026-07-23 22:30:14,"No change",0.7365
2026-07-23 22:45:09,"No change",0.7425
2026-07-23 23:00:25,"No change",0.7425
2026-07-23 23:15:11,"No change",0.7425
2026-07-23 23:30:19,"No change",0.7365
2026-07-23 23:45:07,"No change",0.7425
2026-07-24 00:00:17,"No change",0.7435
2026-07-24 00:15:15,"No change",0.7415
2026-07-24 00:30:20,"No change",0.7395
2026-07-24 00:45:16,"No change",0.7395
2026-07-24 01:00:29,"No change",0.7395
2026-07-24 01:15:16,"No change",0.7395
2026-07-24 01:30:18,"No change",0.7395
2026-07-24 01:45:16,"No change",0.7405
2026-07-24 02:00:26,"No change",0.7405
2026-07-24 02:15:15,"No change",0.7395
2026-07-24 02:45:06,"No change",0.7405
2026-07-24 03:00:13,"No change",0.7405
2026-07-24 03:15:07,"No change",0.7405
2026-07-24 03:30:16,"No change",0.7415
2026-07-24 03:45:08,"No change",0.7445
2026-07-24 04:00:17,"No change",0.7495
2026-07-24 04:15:07,"No change",0.7485
2026-07-24 04:30:13,"No change",0.7485
2026-07-24 04:45:09,"No change",0.7495
2026-07-24 05:00:26,"No change",0.7495
2026-07-24 05:15:06,"No change",0.7575
2026-07-24 05:30:25,"No change",0.7575
2026-07-24 05:45:06,"No change",0.7575
2026-07-24 06:00:24,"No change",0.7575
2026-07-24 06:15:10,"No change",0.7575
2026-07-24 06:30:19,"No change",0.7585
2026-07-24 06:45:06,"No change",0.7585
2026-07-24 07:00:17,"No change",0.7575
2026-07-24 07:15:06,"No change",0.757
2026-07-24 07:30:22,"No change",0.7575
2026-07-24 07:45:06,"No change",0.7575
2026-07-24 08:00:44,"No change",0.7575
2026-07-24 08:15:07,"No change",0.7565
2026-07-24 08:30:21,"No change",0.7515
2026-07-24 08:45:06,"No change",0.7515
2026-07-24 09:00:27,"No change",0.7515
2026-07-24 09:15:08,"No change",0.7455
2026-07-24 09:30:25,"No change",0.7385
2026-07-24 09:45:07,"No change",0.739
2026-07-24 10:00:22,"No change",0.7375
2026-07-24 10:15:06,"No change",0.735
2026-07-24 10:30:29,"No change",0.7325
2026-07-24 10:45:07,"No change",0.731
2026-07-24 11:00:40,"No change",0.7325
2026-07-24 11:15:07,"No change",0.7355
2026-07-24 11:30:21,"No change",0.753
2026-07-24 11:45:09,"No change",0.7665
2026-07-24 12:00:27,"No change",0.7675
2026-07-24 12:15:09,"No change",0.778
2026-07-24 12:30:15,"No change",0.7815
2026-07-24 12:45:08,"No change",0.785
2026-07-24 13:00:19,"No change",0.788
2026-07-24 13:15:09,"No change",0.769
2026-07-24 13:30:25,"No change",0.746
2026-07-24 13:45:08,"No change",0.7255
2026-07-24 14:00:32,"No change",0.7285
2026-07-24 14:15:09,"No change",0.741
2026-07-24 14:30:12,"No change",0.742
2026-07-24 14:45:06,"No change",0.741
2026-07-24 15:00:25,"No change",0.738
2026-07-24 15:15:10,"No change",0.7385
2026-07-24 15:45:09,"No change",0.7345
2026-07-24 16:00:25,"No change",0.7385
2026-07-24 16:15:09,"No change",0.7375
2026-07-24 16:30:50,"No change",0.7365
2026-07-24 16:45:08,"No change",0.736
2026-07-24 17:00:37,"No change",0.7345
2026-07-24 17:15:09,"No change",0.735
2026-07-24 17:30:21,"No change",0.7345
2026-07-24 17:45:08,"No change",0.7355
2026-07-24 18:00:23,"No change",0.735
2026-07-24 18:15:08,"No change",0.734
2026-07-24 18:30:25,"No change",0.7345
2026-07-24 18:45:08,"No change",0.733
2026-07-24 19:00:22,"No change",0.7325
2026-07-24 19:15:09,"No change",0.7305
2026-07-24 19:30:20,"No change",0.732
2026-07-24 19:45:12,"No change",0.7335
2026-07-24 20:00:42,"No change",0.7345
2026-07-24 20:15:09,"No change",0.7365
2026-07-24 20:30:23,"No change",0.731
2026-07-24 20:45:11,"No change",0.737
2026-07-24 21:00:22,"No change",0.7335
2026-07-24 21:15:08,"No change",0.736
2026-07-24 21:30:16,"No change",0.7325
2026-07-24 21:45:07,"No change",0.7325
2026-07-24 22:00:23,"No change",0.738
2026-07-24 22:15:07,"No change",0.7325
2026-07-24 22:30:32,"No change",0.7425
2026-07-24 22:45:06,"No change",0.7445
2026-07-24 23:00:33,"No change",0.7445
2026-07-24 23:15:08,"No change",0.7405
2026-07-24 23:30:19,"No change",0.7305
2026-07-24 23:45:08,"No change",0.728
2026-07-25 00:00:30,"No change",0.7315
2026-07-25 00:15:09,"No change",0.7295
2026-07-25 00:30:29,"No change",0.7305
2026-07-25 00:45:10,"No change",0.7315
2026-07-25 01:00:31,"No change",0.7345
2026-07-25 01:15:15,"No change",0.7345
2026-07-25 01:30:50,"No change",0.734
2026-07-25 01:45:10,"No change",0.7355
2026-07-25 02:00:48,"No change",0.7395
2026-07-25 02:15:09,"No change",0.7345
2026-07-25 02:30:19,"No change",0.7385
2026-07-25 02:45:12,"No change",0.7395
2026-07-25 03:00:58,"No change",0.7405
2026-07-25 03:15:09,"No change",0.74
2026-07-25 03:30:19,"No change",0.74
2026-07-25 03:45:10,"No change",0.74
2026-07-25 04:00:38,"No change",0.7395
2026-07-25 04:15:08,"No change",0.7395
2026-07-25 04:30:21,"No change",0.733
2026-07-25 04:45:23,"No change",0.7345
2026-07-25 05:00:38,"No change",0.7345
2026-07-25 05:15:07,"No change",0.7405
2026-07-25 05:30:30,"No change",0.745
2026-07-25 05:45:21,"No change",0.7465
2026-07-25 06:00:22,"No change",0.7455
2026-07-25 06:15:08,"No change",0.7455
2026-07-25 06:30:37,"No change",0.7445
2026-07-25 06:45:09,"No change",0.7455
2026-07-25 07:00:17,"No change",0.7455
2026-07-25 07:15:14,"No change",0.7455
2026-07-25 07:30:40,"No change",0.745
2026-07-25 07:45:09,"No change",0.7445
2026-07-25 08:15:06,"No change",0.749
2026-07-25 08:30:17,"No change",0.7485
2026-07-25 08:45:08,"No change",0.7485
2026-07-25 09:00:34,"No change",0.7485
2026-07-25 09:15:08,"No change",0.7465
2026-07-25 09:30:24,"No change",0.747
2026-07-25 09:45:10,"No change",0.7475
2026-07-25 10:00:29,"No change",0.7495
2026-07-25 10:15:08,"No change",0.7495
2026-07-25 10:30:23,"No change",0.7495
2026-07-25 10:45:08,"No change",0.7495
2026-07-25 11:00:54,"No change",0.7495
2026-07-25 11:15:09,"No change",0.7485
2026-07-25 11:30:22,"No change",0.7485
2026-07-25 11:45:09,"No change",0.7485
2026-07-25 12:00:22,"No change",0.7485
2026-07-25 12:15:22,"No change",0.7485
2026-07-25 12:30:27,"No change",0.7505
2026-07-25 12:45:09,"No change",0.751
2026-07-25 13:00:39,"No change",0.7515
2026-07-25 13:15:08,"No change",0.7515
2026-07-25 13:30:26,"No change",0.7525
2026-07-25 13:45:09,"No change",0.7525
2026-07-25 14:00:47,"No change",0.7565
2026-07-25 14:15:13,"No change",0.7575
2026-07-25 14:30:23,"No change",0.7575
2026-07-25 14:45:10,"No change",0.7575
2026-07-25 15:00:23,"No change",0.763
2026-07-25 15:15:07,"No change",0.7625
2026-07-25 15:30:36,"No change",0.7705
2026-07-25 15:45:08,"No change",0.77
2026-07-25 16:00:32,"No change",0.777
2026-07-25 16:15:08,"No change",0.7785
2026-07-25 16:30:21,"No change",0.7785
2026-07-25 16:45:07,"No change",0.7785
2026-07-25 17:15:07,"No change",0.7785
2026-07-25 17:30:19,"No change",0.7805
2026-07-25 17:45:07,"No change",0.7805
2026-07-25 18:00:31,"No change",0.7805
2026-07-25 18:15:24,"No change",0.7805
2026-07-25 18:30:24,"No change",0.7805
2026-07-25 18:45:08,"No change",0.7805
2026-07-25 19:00:56,"No change",0.7815
2026-07-25 19:15:07,"No change",0.7835
2026-07-25 19:30:23,"No change",0.7855
2026-07-25 19:45:08,"No change",0.7835
2026-07-25 20:00:38,"No change",0.7865
2026-07-25 20:15:08,"No change",0.7865
2026-07-25 20:30:16,"No change",0.7865
2026-07-25 20:45:06,"No change",0.7865
2026-07-25 21:00:17,"No change",0.7865
2026-07-25 21:15:07,"No change",0.7855
2026-07-25 21:30:18,"No change",0.7855
2026-07-25 21:45:06,"No change",0.7855
2026-07-25 22:00:23,"No change",0.7855
2026-07-25 22:15:06,"No change",0.7855
2026-07-25 22:30:17,"No change",0.7855
2026-07-25 22:45:07,"No change",0.7855
2026-07-25 23:00:50,"No change",0.7855
2026-07-25 23:15:16,"No change",0.7855
2026-07-25 23:30:55,"No change",0.7855
2026-07-25 23:45:17,"No change",0.7855
2026-07-26 00:00:32,"No change",0.7865
2026-07-26 00:15:20,"No change",0.7865
2026-07-26 00:30:20,"No change",0.7865
2026-07-26 00:45:08,"No change",0.7865
2026-07-26 01:00:23,"No change",0.7865
2026-07-26 01:15:12,"No change",0.7865
2026-07-26 01:30:27,"No change",0.7865
2026-07-26 01:45:13,"No change",0.7915
2026-07-26 02:00:49,"No change",0.7915
2026-07-26 02:15:08,"No change",0.7915
2026-07-26 02:45:27,"No change",0.7915
2026-07-26 03:00:51,"No change",0.7915
2026-07-26 03:15:08,"No change",0.7915
2026-07-26 03:30:29,"No change",0.7915
2026-07-26 03:45:09,"No change",0.7915
2026-07-26 04:00:19,"No change",0.7915
2026-07-26 04:15:15,"No change",0.7915
2026-07-26 04:30:26,"No change",0.7915
2026-07-26 04:45:09,"No change",0.7915
2026-07-26 05:00:26,"No change",0.7915
2026-07-26 05:15:09,"No change",0.7955
2026-07-26 05:30:22,"No change",0.7955
2026-07-26 05:45:29,"No change",0.7945
2026-07-26 06:00:30,"No change",0.7975
2026-07-26 06:15:09,"No change",0.7985
2026-07-26 06:30:54,"No change",0.7995
2026-07-26 06:45:08,"No change",0.7995
2026-07-26 07:00:16,"No change",0.8015
2026-07-26 07:15:06,"No change",0.8015
2026-07-26 07:30:27,"No change",0.8015
2026-07-26 07:45:06,"No change",0.8035
2026-07-26 08:00:52,"No change",0.8075
2026-07-26 08:15:06,"No change",0.8095
2026-07-26 08:30:38,"No change",0.8115
2026-07-26 08:45:06,"No change",0.815
2026-07-26 09:00:18,"No change",0.8185
2026-07-26 09:15:14,"No change",0.8215
2026-07-26 09:30:16,"No change",0.8225
2026-07-26 09:45:24,"No change",0.8225
2026-07-26 10:00:32,"No change",0.8255
2026-07-26 10:15:06,"No change",0.8275
2026-07-26 10:30:32,"No change",0.8275
2026-07-26 10:45:06,"No change",0.8275
2026-07-26 11:15:08,"No change",0.8275
2026-07-26 11:30:28,"No change",0.8295
2026-07-26 11:45:08,"No change",0.8325
2026-07-26 12:00:28,"No change",0.8325
2026-07-26 12:15:07,"No change",0.8335
2026-07-26 12:30:28,"No change",0.8345
2026-07-26 12:45:13,"No change",0.8335
2026-07-26 13:00:43,"No change",0.8275
2026-07-26 13:15:09,"No change",0.8165
2026-07-26 13:30:26,"No change",0.824
2026-07-26 13:45:06,"No change",0.821
2026-07-26 14:00:43,"No change",0.8205
2026-07-26 14:15:06,"No change",0.8205
2026-07-26 14:30:34,"No change",0.8215
2026-07-26 14:45:20,"No change",0.8205
2026-07-26 15:00:36,"No change",0.821
2026-07-26 15:15:13,"No change",0.8195
2026-07-26 15:30:35,"No change",0.8185
2026-07-26 15:45:09,"No change",0.8195
2026-07-26 16:00:47,"No change",0.8195
2026-07-26 16:15:19,"No change",0.8215
2026-07-26 16:30:41,"No change",0.8235
2026-07-26 16:45:09,"No change",0.823
2026-07-26 17:15:08,"No change",0.8145
2026-07-26 17:30:30,"No change",0.8175
2026-07-26 17:45:07,"No change",0.8115
2026-07-26 18:00:19,"No change",0.811
2026-07-26 18:15:08,"No change",0.786
2026-07-26 18:30:26,"No change",0.78
2026-07-26 18:45:10,"No change",0.7765
2026-07-26 19:00:29,"No change",0.774
2026-07-26 19:15:08,"No change",0.7755
2026-07-26 19:30:28,"No change",0.775
2026-07-26 19:45:09,"No change",0.7805
2026-07-26 20:00:52,"No change",0.791
2026-07-26 20:15:07,"No change",0.7995
2026-07-26 20:30:26,"No change",0.7995
2026-07-26 20:45:19,"No change",0.7995
2026-07-26 21:00:26,"No change",0.7995
2026-07-26 21:15:07,"No change",0.8005
2026-07-26 21:30:16,"No change",0.8005
2026-07-26 21:45:06,"No change",0.8005
2026-07-26 22:00:16,"No change",0.8005
2026-07-26 22:15:07,"No change",0.7955
2026-07-26 22:30:17,"No change",0.7975
2026-07-26 22:45:06,"No change",0.8005
2026-07-26 23:00:39,"No change",0.8005
2026-07-26 23:15:09,"No change",0.8005
2026-07-26 23:30:21,"No change",0.8005
2026-07-26 23:45:06,"No change",0.8005
2026-07-27 00:00:30,"No change",0.8005
2026-07-27 00:15:19,"No change",0.8005
2026-07-27 00:30:31,"No change",0.7995
2026-07-27 00:45:10,"No change",0.7995
2026-07-27 01:00:23,"No change",0.7975
2026-07-27 01:15:08,"No change",0.7975
2026-07-27 01:30:26,"No change",0.7955
2026-07-27 01:45:06,"No change",0.7955
2026-07-27 02:00:50,"No change",0.7975
2026-07-27 02:15:07,"No change",0.794
2026-07-27 02:30:22,"No change",0.7955
2026-07-27 02:45:06,"No change",0.7975
2026-07-27 03:00:27,"No change",0.7995
2026-07-27 03:15:07,"No change",0.8005
2026-07-27 03:30:27,"No change",0.8025
2026-07-27 03:45:07,"No change",0.8065
2026-07-27 04:00:27,"No change",0.8035
2026-07-27 04:15:09,"No change",0.8015
2026-07-27 04:30:37,"No change",0.8015
2026-07-27 04:45:05,"No change",0.7975
2026-07-27 05:00:31,"No change",0.7985
2026-07-27 05:15:06,"No change",0.7985
2026-07-27 05:30:28,"No change",0.7995
2026-07-27 05:45:05,"No change",0.8005
2026-07-27 06:00:31,"No change",0.8035
2026-07-27 06:15:08,"No change",0.8035
2026-07-27 06:30:16,"No change",0.8005
2026-07-27 06:45:06,"No change",0.8005
2026-07-27 07:00:22,"No change",0.8045
2026-07-27 07:15:06,"No change",0.8025
2026-07-27 07:30:31,"No change",0.8005
2026-07-27 07:45:06,"No change",0.8005
2026-07-27 08:00:48,"No change",0.7995
2026-07-27 08:15:06,"No change",0.7965
2026-07-27 08:30:31,"No change",0.7945
2026-07-27 08:45:06,"No change",0.7945
2026-07-27 09:00:31,"No change",0.793
2026-07-27 09:15:06,"No change",0.788
2026-07-27 09:30:31,"No change",0.7805
2026-07-27 09:45:08,"No change",0.7745
2026-07-27 10:00:29,"No change",0.7705
2026-07-27 10:15:08,"No change",0.7505
2026-07-27 10:30:31,"No change",0.724
2026-07-27 10:45:07,"No change",0.7295
2026-07-27 11:00:41,"No change",0.7115
2026-07-27 11:15:06,"No change",0.7185
2026-07-27 11:30:36,"No change",0.7185
2026-07-27 11:45:07,"No change",0.7285
2026-07-27 12:00:30,"No change",0.7275
2026-07-27 12:15:07,"No change",0.7275
2026-07-27 12:30:25,"No change",0.7295
2026-07-27 12:45:06,"No change",0.7295
2026-07-27 13:00:38,"No change",0.7395
2026-07-27 13:15:18,"No change",0.7365
2026-07-27 13:30:19,"No change",0.7355
2026-07-27 13:45:06,"No change",0.7325
2026-07-27 14:00:38,"No change",0.7325
2026-07-27 14:15:06,"No change",0.7285
2026-07-27 14:30:34,"No change",0.7325
2026-07-27 14:45:08,"No change",0.7325
2026-07-27 15:00:36,"No change",0.7335
2026-07-27 15:15:18,"No change",0.7335
2026-07-27 15:30:30,"No change",0.7345
2026-07-27 15:45:07,"No change",0.7345
2026-07-27 16:00:37,"No change",0.7345
2026-07-27 16:15:10,"No change",0.733
2026-07-27 16:30:33,"No change",0.7305
2026-07-27 16:45:06,"No change",0.7195
2026-07-27 17:00:34,"No change",0.727
2026-07-27 17:15:06,"No change",0.7275
2026-07-27 17:30:27,"No change",0.7335
2026-07-27 17:45:06,"No change",0.7345
2026-07-27 18:00:29,"No change",0.7345
2026-07-27 18:15:06,"No change",0.7345
2026-07-27 18:30:29,"No change",0.7345
2026-07-27 18:45:06,"No change",0.7345
2026-07-27 19:00:37,"No change",0.7335
2026-07-27 19:15:08,"No change",0.7335
2026-07-27 19:30:29,"No change",0.7325
2026-07-27 19:45:08,"No change",0.7275
2026-07-27 20:00:47,"No change",0.721
2026-07-27 20:15:08,"No change",0.7155
2026-07-27 20:30:19,"No change",0.7135
2026-07-27 20:45:06,"No change",0.7125
2026-07-27 21:00:21,"No change",0.7125
2026-07-27 21:15:06,"No change",0.7105
2026-07-27 21:30:19,"No change",0.7125
2026-07-27 21:45:08,"No change",0.7115
2026-07-27 22:00:21,"No change",0.7115
2026-07-27 22:15:23,"No change",0.7115
2026-07-27 22:30:18,"No change",0.7115
2026-07-27 22:45:08,"No change",0.7115
2026-07-27 23:15:09,"No change",0.7105
2026-07-27 23:30:51,"No change",0.712
2026-07-27 23:45:07,"No change",0.715
2026-07-28 00:00:55,"No change",0.7165
2026-07-28 00:15:09,"No change",0.7165
2026-07-28 00:30:35,"No change",0.7165
2026-07-28 00:45:09,"No change",0.7165
2026-07-28 01:00:50,"No change",0.7165
2026-07-28 01:15:10,"No change",0.7165
2026-07-28 01:30:41,"No change",0.7155
2026-07-28 01:45:08,"No change",0.7145
2026-07-28 02:00:54,"No change",0.7155
2026-07-28 02:15:09,"No change",0.7155
2026-07-28 02:30:38,"No change",0.7155
2026-07-28 02:45:06,"No change",0.7165
2026-07-28 03:00:44,"No change",0.7165
2026-07-28 03:15:18,"No change",0.7155
2026-07-28 03:30:49,"No change",0.7155
2026-07-28 03:45:10,"No change",0.7165
2026-07-28 04:00:33,"No change",0.7165
2026-07-28 04:15:09,"No change",0.7175
2026-07-28 04:30:51,"No change",0.7315
2026-07-28 05:30:10,"No change",0.727
2026-07-28 05:45:07,"No change",0.7495
2026-07-28 06:00:43,"No change",0.7675
2026-07-28 06:15:06,"No change",0.7555
2026-07-28 06:30:34,"No change",0.749
2026-07-28 06:45:07,"No change",0.756
2026-07-28 07:00:45,"No change",0.7555
2026-07-28 07:15:08,"No change",0.7535
2026-07-28 07:30:44,"No change",0.7505
2026-07-28 07:45:20,"No change",0.747
2026-07-28 08:15:06,"No change",0.7445
2026-07-28 08:30:38,"No change",0.7475
2026-07-28 08:45:09,"No change",0.749
2026-07-28 09:00:41,"No change",0.7595
2026-07-28 09:15:09,"No change",0.7595
2026-07-28 09:30:49,"No change",0.7595
2026-07-28 09:45:09,"No change",0.7595
2026-07-28 10:00:38,"No change",0.7645
2026-07-28 10:15:06,"No change",0.7645
2026-07-28 10:30:42,"No change",0.7645
2026-07-28 10:45:08,"No change",0.7725
2026-07-28 11:00:51,"No change",0.781
2026-07-28 11:15:08,"No change",0.7865
2026-07-28 11:30:38,"No change",0.7905
2026-07-28 11:45:10,"No change",0.7925
2026-07-28 12:00:44,"No change",0.7935
2026-07-28 12:15:09,"No change",0.7955
2026-07-28 12:30:43,"No change",0.8165
2026-07-28 12:45:10,"No change",0.7945
2026-07-28 13:00:39,"No change",0.7975
2026-07-28 13:15:10,"No change",0.783
2026-07-28 13:30:50,"No change",0.7835
2026-07-28 13:45:12,"No change",0.7935
2026-07-28 14:00:46,"No change",0.7925
2026-07-28 14:15:10,"No change",0.7935
2026-07-28 14:30:42,"No change",0.7845
2026-07-28 14:45:10,"No change",0.7825
2026-07-28 15:00:55,"No change",0.7785
2026-07-28 15:15:09,"No change",0.7755
2026-07-28 15:30:43,"No change",0.7735
2026-07-28 15:45:28,"No change",0.7745
2026-07-28 16:00:54,"No change",0.769
2026-07-28 16:15:32,"No change",0.7675
2026-07-28 16:45:11,"No change",0.7655
2026-07-28 17:15:17,"No change",0.7665
2026-07-28 17:45:22,"No change",0.7645
2026-07-28 18:15:21,"No change",0.756
2026-07-28 18:45:22,"No change",0.7465
2026-07-28 19:15:58,"No change",0.7535
2026-07-28 20:15:12,"No change",0.7545
2026-07-28 20:30:57,"No change",0.7545
2026-07-28 20:45:11,"No change",0.7535
2026-07-28 21:00:53,"No change",0.7495
2026-07-28 21:15:13,"No change",0.7495
2026-07-28 21:30:49,"No change",0.7495
2026-07-28 21:45:13,"No change",0.7525
2026-07-28 22:15:14,"No change",0.7495
2026-07-28 22:30:56,"No change",0.752
2026-07-28 22:45:20,"No change",0.7545
2026-07-28 23:15:26,"No change",0.7535
2026-07-28 23:45:35,"No change",0.7545
2026-07-29 00:00:47,"No change",0.7545
2026-07-29 00:15:32,"No change",0.759
2026-07-29 00:45:24,"No change",0.7675
2026-07-29 01:15:24,"No change",0.7675
2026-07-29 01:45:18,"No change",0.7775
2026-07-29 02:15:19,"No change",0.7795
2026-07-29 02:30:57,"No change",0.7835
2026-07-29 02:45:32,"No change",0.785
2026-07-29 03:15:35,"No change",0.786
2026-07-29 03:45:21,"No change",0.792
2026-07-29 04:00:54,"No change",0.7945
2026-07-29 04:15:24,"No change",0.7955
2026-07-29 04:30:49,"No change",0.7875
2026-07-29 04:45:29,"No change",0.789
2026-07-29 05:00:58,"No change",0.7895
2026-07-29 05:15:17,"No change",0.7895
2026-07-29 05:30:49,"No change",0.7925
2026-07-29 05:45:23,"No change",0.7925
2026-07-29 06:00:44,"No change",0.7845
2026-07-29 06:15:15,"No change",0.7755
2026-07-29 06:30:41,"No change",0.76
2026-07-29 06:45:20,"No change",0.7565
2026-07-29 07:00:55,"No change",0.7565
2026-07-29 07:15:28,"No change",0.7635
2026-07-29 07:30:41,"No change",0.7635
2026-07-29 07:45:26,"No change",0.7595
2026-07-29 08:15:24,"No change",0.7675
2026-07-29 08:30:49,"No change",0.7615
2026-07-29 08:45:29,"No change",0.761
2026-07-29 09:00:48,"No change",0.7565
2026-07-29 09:15:19,"No change",0.7525
2026-07-29 09:30:42,"No change",0.7525
2026-07-29 09:45:25,"No change",0.754
2026-07-29 10:00:54,"No change",0.7665
2026-07-29 10:15:18,"No change",0.7595
2026-07-29 10:30:51,"No change",0.7485
2026-07-29 10:45:13,"No change",0.7535
2026-07-29 11:15:45,"No change",0.7365
2026-07-29 12:45:32,"No change",0.7405
2026-07-29 13:15:27,"No change",0.7445
2026-07-29 13:30:54,"No change",0.7555
2026-07-22 09:00:05,"25 bps increase",0.163
2026-07-22 09:15:04,"25 bps increase",0.159
2026-07-22 09:30:04,"25 bps increase",0.1585
2026-07-22 09:45:06,"25 bps increase",0.1585
2026-07-22 10:00:04,"25 bps increase",0.1585
2026-07-22 10:15:06,"25 bps increase",0.187
2026-07-22 10:30:04,"25 bps increase",0.2425
2026-07-22 10:45:05,"25 bps increase",0.2355
2026-07-22 11:00:06,"25 bps increase",0.228
2026-07-22 11:15:05,"25 bps increase",0.2065
2026-07-22 11:30:21,"25 bps increase",0.22
2026-07-22 11:45:04,"25 bps increase",0.214
2026-07-22 12:00:05,"25 bps increase",0.222
2026-07-22 12:15:06,"25 bps increase",0.2205
2026-07-22 12:30:05,"25 bps increase",0.2305
2026-07-22 12:45:05,"25 bps increase",0.22
2026-07-22 13:00:06,"25 bps increase",0.222
2026-07-22 13:15:05,"25 bps increase",0.2135
2026-07-22 13:30:05,"25 bps increase",0.216
2026-07-22 13:45:05,"25 bps increase",0.2145
2026-07-22 14:00:05,"25 bps increase",0.215
2026-07-22 14:15:05,"25 bps increase",0.211
2026-07-22 14:30:06,"25 bps increase",0.212
2026-07-22 14:45:06,"25 bps increase",0.215
2026-07-22 15:00:04,"25 bps increase",0.2205
2026-07-22 15:15:06,"25 bps increase",0.221
2026-07-22 15:30:06,"25 bps increase",0.217
2026-07-22 15:45:06,"25 bps increase",0.2255
2026-07-22 16:00:07,"25 bps increase",0.2255
2026-07-22 16:15:06,"25 bps increase",0.2205
2026-07-22 16:30:06,"25 bps increase",0.2205
2026-07-22 16:45:06,"25 bps increase",0.2205
2026-07-22 17:00:06,"25 bps increase",0.2205
2026-07-22 17:15:06,"25 bps increase",0.2205
2026-07-22 17:30:06,"25 bps increase",0.2235
2026-07-22 17:45:07,"25 bps increase",0.224
2026-07-22 18:00:06,"25 bps increase",0.225
2026-07-22 18:15:06,"25 bps increase",0.2255
2026-07-22 18:30:05,"25 bps increase",0.2285
2026-07-22 18:45:06,"25 bps increase",0.229
2026-07-22 19:00:06,"25 bps increase",0.2335
2026-07-22 19:15:06,"25 bps increase",0.2305
2026-07-22 19:30:06,"25 bps increase",0.2295
2026-07-22 19:45:06,"25 bps increase",0.2275
2026-07-22 20:00:07,"25 bps increase",0.227
2026-07-22 20:15:06,"25 bps increase",0.2385
2026-07-22 20:30:05,"25 bps increase",0.2355
2026-07-22 20:45:06,"25 bps increase",0.2355
2026-07-22 21:00:20,"25 bps increase",0.2305
2026-07-22 21:15:06,"25 bps increase",0.2315
2026-07-22 21:30:06,"25 bps increase",0.2455
2026-07-22 21:45:06,"25 bps increase",0.234
2026-07-22 22:00:06,"25 bps increase",0.2345
2026-07-22 22:15:06,"25 bps increase",0.2345
2026-07-22 22:30:06,"25 bps increase",0.2345
2026-07-22 22:45:06,"25 bps increase",0.2535
2026-07-22 23:00:06,"25 bps increase",0.253
2026-07-22 23:15:06,"25 bps increase",0.2535
2026-07-22 23:30:06,"25 bps increase",0.2525
2026-07-22 23:45:06,"25 bps increase",0.2525
2026-07-23 00:00:08,"25 bps increase",0.2525
2026-07-23 00:15:06,"25 bps increase",0.242
2026-07-23 00:30:06,"25 bps increase",0.241
2026-07-23 00:45:07,"25 bps increase",0.241
2026-07-23 01:00:07,"25 bps increase",0.241
2026-07-23 01:15:06,"25 bps increase",0.241
2026-07-23 01:30:07,"25 bps increase",0.24
2026-07-23 01:45:06,"25 bps increase",0.2395
2026-07-23 02:00:07,"25 bps increase",0.2395
2026-07-23 02:15:06,"25 bps increase",0.2395
2026-07-23 02:30:17,"25 bps increase",0.2395
2026-07-23 02:45:20,"25 bps increase",0.2415
2026-07-23 03:00:07,"25 bps increase",0.2415
2026-07-23 03:15:07,"25 bps increase",0.2425
2026-07-23 03:30:06,"25 bps increase",0.2425
2026-07-23 03:45:06,"25 bps increase",0.2405
2026-07-23 04:00:05,"25 bps increase",0.2325
2026-07-23 04:15:04,"25 bps increase",0.2335
2026-07-23 04:30:05,"25 bps increase",0.2335
2026-07-23 04:45:06,"25 bps increase",0.2335
2026-07-23 05:00:04,"25 bps increase",0.2385
2026-07-23 05:15:06,"25 bps increase",0.2395
2026-07-23 05:30:04,"25 bps increase",0.2335
2026-07-23 05:45:06,"25 bps increase",0.2315
2026-07-23 06:00:04,"25 bps increase",0.204
2026-07-23 06:15:06,"25 bps increase",0.213
2026-07-23 06:30:07,"25 bps increase",0.2175
2026-07-23 06:45:06,"25 bps increase",0.217
2026-07-23 07:00:04,"25 bps increase",0.2165
2026-07-23 07:15:05,"25 bps increase",0.2205
2026-07-23 07:30:07,"25 bps increase",0.2215
2026-07-23 07:45:06,"25 bps increase",0.2305
2026-07-23 08:00:08,"25 bps increase",0.2335
2026-07-23 08:15:06,"25 bps increase",0.242
2026-07-23 08:30:06,"25 bps increase",0.2405
2026-07-23 08:45:04,"25 bps increase",0.2495
2026-07-23 09:00:05,"25 bps increase",0.2625
2026-07-23 09:15:06,"25 bps increase",0.2655
2026-07-23 09:30:06,"25 bps increase",0.2685
2026-07-23 09:45:07,"25 bps increase",0.2625
2026-07-23 10:00:05,"25 bps increase",0.2615
2026-07-23 10:15:05,"25 bps increase",0.2845
2026-07-23 10:30:06,"25 bps increase",0.2845
2026-07-23 10:45:04,"25 bps increase",0.2785
2026-07-23 11:00:06,"25 bps increase",0.2785
2026-07-23 11:15:04,"25 bps increase",0.2615
2026-07-23 11:30:16,"25 bps increase",0.2565
2026-07-23 11:45:06,"25 bps increase",0.254
2026-07-23 12:00:06,"25 bps increase",0.253
2026-07-23 12:15:06,"25 bps increase",0.246
2026-07-23 12:30:05,"25 bps increase",0.2445
2026-07-23 12:45:19,"25 bps increase",0.2495
2026-07-23 13:00:05,"25 bps increase",0.247
2026-07-23 13:15:05,"25 bps increase",0.256
2026-07-23 13:30:07,"25 bps increase",0.2585
2026-07-23 13:45:05,"25 bps increase",0.2585
2026-07-23 14:00:05,"25 bps increase",0.251
2026-07-23 14:15:06,"25 bps increase",0.246
2026-07-23 14:30:07,"25 bps increase",0.2465
2026-07-23 14:45:05,"25 bps increase",0.25
2026-07-23 15:00:07,"25 bps increase",0.2515
2026-07-23 15:15:06,"25 bps increase",0.2515
2026-07-23 15:30:05,"25 bps increase",0.2565
2026-07-23 15:45:07,"25 bps increase",0.2565
2026-07-23 16:00:08,"25 bps increase",0.2565
2026-07-23 16:15:07,"25 bps increase",0.2565
2026-07-23 16:30:07,"25 bps increase",0.2585
2026-07-23 16:45:05,"25 bps increase",0.252
2026-07-23 17:00:06,"25 bps increase",0.2485
2026-07-23 17:15:06,"25 bps increase",0.2425
2026-07-23 17:30:05,"25 bps increase",0.2435
2026-07-23 17:45:07,"25 bps increase",0.246
2026-07-23 18:00:08,"25 bps increase",0.246
2026-07-23 18:15:05,"25 bps increase",0.245
2026-07-23 18:30:06,"25 bps increase",0.2445
2026-07-23 18:45:07,"25 bps increase",0.2445
2026-07-23 19:00:07,"25 bps increase",0.2445
2026-07-23 19:15:07,"25 bps increase",0.2445
2026-07-23 19:30:05,"25 bps increase",0.248
2026-07-23 19:45:07,"25 bps increase",0.2455
2026-07-23 20:00:05,"25 bps increase",0.2465
2026-07-23 20:15:07,"25 bps increase",0.2485
2026-07-23 20:30:05,"25 bps increase",0.2485
2026-07-23 20:45:04,"25 bps increase",0.2485
2026-07-23 21:00:05,"25 bps increase",0.2485
2026-07-23 21:15:06,"25 bps increase",0.2505
2026-07-23 21:30:05,"25 bps increase",0.2535
2026-07-23 21:45:04,"25 bps increase",0.2445
2026-07-23 22:00:07,"25 bps increase",0.2445
2026-07-23 22:15:06,"25 bps increase",0.2445
2026-07-23 22:30:07,"25 bps increase",0.248
2026-07-23 22:45:06,"25 bps increase",0.2465
2026-07-23 23:00:06,"25 bps increase",0.2465
2026-07-23 23:15:08,"25 bps increase",0.2465
2026-07-23 23:30:07,"25 bps increase",0.2465
2026-07-23 23:45:05,"25 bps increase",0.248
2026-07-24 00:00:05,"25 bps increase",0.248
2026-07-24 00:15:06,"25 bps increase",0.248
2026-07-24 00:30:08,"25 bps increase",0.248
2026-07-24 00:45:06,"25 bps increase",0.2475
2026-07-24 01:00:04,"25 bps increase",0.2475
2026-07-24 01:15:05,"25 bps increase",0.2475
2026-07-24 01:30:05,"25 bps increase",0.2475
2026-07-24 01:45:04,"25 bps increase",0.2475
2026-07-24 02:00:05,"25 bps increase",0.2475
2026-07-24 02:15:04,"25 bps increase",0.2475
2026-07-24 02:30:04,"25 bps increase",0.2475
2026-07-24 02:45:04,"25 bps increase",0.2475
2026-07-24 03:00:04,"25 bps increase",0.248
2026-07-24 03:15:05,"25 bps increase",0.2475
2026-07-24 03:30:06,"25 bps increase",0.251
2026-07-24 03:45:04,"25 bps increase",0.2495
2026-07-24 04:00:05,"25 bps increase",0.2495
2026-07-24 04:15:04,"25 bps increase",0.2475
2026-07-24 04:30:04,"25 bps increase",0.2445
2026-07-24 04:45:06,"25 bps increase",0.2445
2026-07-24 05:00:06,"25 bps increase",0.2445
2026-07-24 05:15:04,"25 bps increase",0.2435
2026-07-24 05:30:05,"25 bps increase",0.2365
2026-07-24 05:45:04,"25 bps increase",0.236
2026-07-24 06:00:06,"25 bps increase",0.2355
2026-07-24 06:15:06,"25 bps increase",0.233
2026-07-24 06:30:06,"25 bps increase",0.2315
2026-07-24 06:45:04,"25 bps increase",0.2305
2026-07-24 07:00:05,"25 bps increase",0.2305
2026-07-24 07:15:04,"25 bps increase",0.2305
2026-07-24 07:30:05,"25 bps increase",0.2305
2026-07-24 07:45:05,"25 bps increase",0.2315
2026-07-24 08:00:05,"25 bps increase",0.2325
2026-07-24 08:15:05,"25 bps increase",0.2325
2026-07-24 08:30:06,"25 bps increase",0.234
2026-07-24 08:45:05,"25 bps increase",0.2335
2026-07-24 09:00:08,"25 bps increase",0.2345
2026-07-24 09:15:05,"25 bps increase",0.2345
2026-07-24 09:30:06,"25 bps increase",0.2415
2026-07-24 09:45:05,"25 bps increase",0.243
2026-07-24 10:00:07,"25 bps increase",0.2435
2026-07-24 10:15:04,"25 bps increase",0.2475
2026-07-24 10:30:07,"25 bps increase",0.244
2026-07-24 10:45:06,"25 bps increase",0.2485
2026-07-24 11:00:05,"25 bps increase",0.251
2026-07-24 11:15:05,"25 bps increase",0.2515
2026-07-24 11:30:05,"25 bps increase",0.243
2026-07-24 11:45:06,"25 bps increase",0.2315
2026-07-24 12:00:07,"25 bps increase",0.232
2026-07-24 12:15:06,"25 bps increase",0.2165
2026-07-24 12:30:07,"25 bps increase",0.2055
2026-07-24 12:45:06,"25 bps increase",0.2055
2026-07-24 13:00:06,"25 bps increase",0.2055
2026-07-24 13:15:07,"25 bps increase",0.2275
2026-07-24 13:30:06,"25 bps increase",0.244
2026-07-24 13:45:06,"25 bps increase",0.268
2026-07-24 14:00:07,"25 bps increase",0.264
2026-07-24 14:15:06,"25 bps increase",0.246
2026-07-24 14:30:04,"25 bps increase",0.2445
2026-07-24 14:45:04,"25 bps increase",0.2445
2026-07-24 15:00:05,"25 bps increase",0.2485
2026-07-24 15:15:06,"25 bps increase",0.2495
2026-07-24 15:30:22,"25 bps increase",0.2515
2026-07-24 15:45:07,"25 bps increase",0.2515
2026-07-24 16:00:07,"25 bps increase",0.251
2026-07-24 16:15:07,"25 bps increase",0.251
2026-07-24 16:30:19,"25 bps increase",0.247
2026-07-24 16:45:06,"25 bps increase",0.25
2026-07-24 17:00:05,"25 bps increase",0.2505
2026-07-24 17:15:06,"25 bps increase",0.251
2026-07-24 17:30:05,"25 bps increase",0.2505
2026-07-24 17:45:05,"25 bps increase",0.248
2026-07-24 18:00:05,"25 bps increase",0.249
2026-07-24 18:15:05,"25 bps increase",0.2485
2026-07-24 18:30:05,"25 bps increase",0.249
2026-07-24 18:45:05,"25 bps increase",0.249
2026-07-24 19:00:07,"25 bps increase",0.2495
2026-07-24 19:15:07,"25 bps increase",0.2515
2026-07-24 19:30:07,"25 bps increase",0.251
2026-07-24 19:45:08,"25 bps increase",0.2505
2026-07-24 20:00:06,"25 bps increase",0.2515
2026-07-24 20:15:07,"25 bps increase",0.253
2026-07-24 20:30:07,"25 bps increase",0.2515
2026-07-24 20:45:10,"25 bps increase",0.2515
2026-07-24 21:00:07,"25 bps increase",0.2535
2026-07-24 21:15:06,"25 bps increase",0.2535
2026-07-24 21:30:06,"25 bps increase",0.2675
2026-07-24 21:45:05,"25 bps increase",0.262
2026-07-24 22:00:07,"25 bps increase",0.259
2026-07-24 22:15:05,"25 bps increase",0.264
2026-07-24 22:30:05,"25 bps increase",0.258
2026-07-24 22:45:04,"25 bps increase",0.2575
2026-07-24 23:00:05,"25 bps increase",0.2575
2026-07-24 23:15:05,"25 bps increase",0.258
2026-07-24 23:30:05,"25 bps increase",0.2585
2026-07-24 23:45:05,"25 bps increase",0.2575
2026-07-25 00:00:05,"25 bps increase",0.2575
2026-07-25 00:15:07,"25 bps increase",0.2615
2026-07-25 00:30:05,"25 bps increase",0.265
2026-07-25 00:45:06,"25 bps increase",0.2625
2026-07-25 01:00:05,"25 bps increase",0.2625
2026-07-25 01:15:06,"25 bps increase",0.262
2026-07-25 01:30:18,"25 bps increase",0.262
2026-07-25 01:45:04,"25 bps increase",0.26
2026-07-25 02:00:07,"25 bps increase",0.259
2026-07-25 02:15:05,"25 bps increase",0.2575
2026-07-25 02:30:05,"25 bps increase",0.2575
2026-07-25 02:45:06,"25 bps increase",0.2575
2026-07-25 03:00:17,"25 bps increase",0.2565
2026-07-25 03:15:06,"25 bps increase",0.2555
2026-07-25 03:30:05,"25 bps increase",0.2555
2026-07-25 03:45:05,"25 bps increase",0.2555
2026-07-25 04:00:06,"25 bps increase",0.2555
2026-07-25 04:15:05,"25 bps increase",0.2555
2026-07-25 04:30:06,"25 bps increase",0.2545
2026-07-25 04:45:21,"25 bps increase",0.2545
2026-07-25 05:00:05,"25 bps increase",0.2545
2026-07-25 05:15:04,"25 bps increase",0.2545
2026-07-25 05:30:06,"25 bps increase",0.2545
2026-07-25 05:45:18,"25 bps increase",0.2545
2026-07-25 06:00:05,"25 bps increase",0.2525
2026-07-25 06:15:05,"25 bps increase",0.2475
2026-07-25 06:30:07,"25 bps increase",0.25
2026-07-25 06:45:06,"25 bps increase",0.2495
2026-07-25 07:00:05,"25 bps increase",0.2495
2026-07-25 07:15:05,"25 bps increase",0.2495
2026-07-25 07:30:15,"25 bps increase",0.2495
2026-07-25 07:45:05,"25 bps increase",0.2495
2026-07-25 08:00:18,"25 bps increase",0.2485
2026-07-25 08:15:04,"25 bps increase",0.2485
2026-07-25 08:30:05,"25 bps increase",0.2485
2026-07-25 08:45:05,"25 bps increase",0.2485
2026-07-25 09:00:05,"25 bps increase",0.248
2026-07-25 09:15:05,"25 bps increase",0.2475
2026-07-25 09:30:05,"25 bps increase",0.2475
2026-07-25 09:45:06,"25 bps increase",0.2475
2026-07-25 10:00:07,"25 bps increase",0.2475
2026-07-25 10:15:05,"25 bps increase",0.2475
2026-07-25 10:30:07,"25 bps increase",0.2475
2026-07-25 10:45:05,"25 bps increase",0.2475
2026-07-25 11:00:08,"25 bps increase",0.2475
2026-07-25 11:15:05,"25 bps increase",0.2475
2026-07-25 11:30:06,"25 bps increase",0.2475
2026-07-25 11:45:05,"25 bps increase",0.2475
2026-07-25 12:00:07,"25 bps increase",0.2475
2026-07-25 12:15:20,"25 bps increase",0.2455
2026-07-25 12:30:05,"25 bps increase",0.2425
2026-07-25 12:45:06,"25 bps increase",0.2425
2026-07-25 13:00:05,"25 bps increase",0.2415
2026-07-25 13:15:05,"25 bps increase",0.2405
2026-07-25 13:30:05,"25 bps increase",0.2405
2026-07-25 13:45:05,"25 bps increase",0.2405
2026-07-25 14:00:07,"25 bps increase",0.2405
2026-07-25 14:15:05,"25 bps increase",0.2405
2026-07-25 14:30:05,"25 bps increase",0.2405
2026-07-25 14:45:06,"25 bps increase",0.2365
2026-07-25 15:00:06,"25 bps increase",0.2325
2026-07-25 15:15:05,"25 bps increase",0.2245
2026-07-25 15:30:06,"25 bps increase",0.222
2026-07-25 15:45:05,"25 bps increase",0.2215
2026-07-25 16:00:06,"25 bps increase",0.2185
2026-07-25 16:15:05,"25 bps increase",0.2175
2026-07-25 16:30:05,"25 bps increase",0.2175
2026-07-25 16:45:04,"25 bps increase",0.2175
2026-07-25 17:00:19,"25 bps increase",0.2175
2026-07-25 17:15:04,"25 bps increase",0.2105
2026-07-25 17:30:05,"25 bps increase",0.2095
2026-07-25 17:45:05,"25 bps increase",0.2095
2026-07-25 18:00:05,"25 bps increase",0.2095
2026-07-25 18:15:20,"25 bps increase",0.2095
2026-07-25 18:30:06,"25 bps increase",0.2095
2026-07-25 18:45:06,"25 bps increase",0.2095
2026-07-25 19:00:22,"25 bps increase",0.2105
2026-07-25 19:15:04,"25 bps increase",0.2085
2026-07-25 19:30:05,"25 bps increase",0.2085
2026-07-25 19:45:06,"25 bps increase",0.2125
2026-07-25 20:00:06,"25 bps increase",0.204
2026-07-25 20:15:06,"25 bps increase",0.2045
2026-07-25 20:30:06,"25 bps increase",0.1995
2026-07-25 20:45:05,"25 bps increase",0.1985
2026-07-25 21:00:06,"25 bps increase",0.1985
2026-07-25 21:15:05,"25 bps increase",0.1985
2026-07-25 21:30:05,"25 bps increase",0.1985
2026-07-25 21:45:05,"25 bps increase",0.1985
2026-07-25 22:00:05,"25 bps increase",0.1985
2026-07-25 22:15:04,"25 bps increase",0.1985
2026-07-25 22:30:06,"25 bps increase",0.1985
2026-07-25 22:45:05,"25 bps increase",0.1985
2026-07-25 23:00:05,"25 bps increase",0.1985
2026-07-25 23:15:06,"25 bps increase",0.1985
2026-07-25 23:30:07,"25 bps increase",0.1985
2026-07-25 23:45:06,"25 bps increase",0.1985
2026-07-26 00:00:04,"25 bps increase",0.1985
2026-07-26 00:15:17,"25 bps increase",0.1985
2026-07-26 00:30:06,"25 bps increase",0.1985
2026-07-26 00:45:06,"25 bps increase",0.1985
2026-07-26 01:00:05,"25 bps increase",0.1985
2026-07-26 01:15:06,"25 bps increase",0.1985
2026-07-26 01:30:06,"25 bps increase",0.1985
2026-07-26 01:45:06,"25 bps increase",0.1985
2026-07-26 02:00:05,"25 bps increase",0.1985
2026-07-26 02:15:06,"25 bps increase",0.1985
2026-07-26 02:30:07,"25 bps increase",0.1985
2026-07-26 02:45:05,"25 bps increase",0.1985
2026-07-26 03:00:24,"25 bps increase",0.1985
2026-07-26 03:15:06,"25 bps increase",0.1985
2026-07-26 03:30:06,"25 bps increase",0.1985
2026-07-26 03:45:07,"25 bps increase",0.1985
2026-07-26 04:00:07,"25 bps increase",0.1975
2026-07-26 04:15:07,"25 bps increase",0.1975
2026-07-26 04:30:06,"25 bps increase",0.1965
2026-07-26 04:45:07,"25 bps increase",0.1965
2026-07-26 05:00:06,"25 bps increase",0.1965
2026-07-26 05:15:07,"25 bps increase",0.1965
2026-07-26 05:30:06,"25 bps increase",0.1965
2026-07-26 05:45:21,"25 bps increase",0.1975
2026-07-26 06:00:05,"25 bps increase",0.1965
2026-07-26 06:15:06,"25 bps increase",0.1965
2026-07-26 06:30:18,"25 bps increase",0.1955
2026-07-26 06:45:06,"25 bps increase",0.1925
2026-07-26 07:00:06,"25 bps increase",0.1925
2026-07-26 07:15:04,"25 bps increase",0.1925
2026-07-26 07:30:05,"25 bps increase",0.1925
2026-07-26 07:45:04,"25 bps increase",0.1925
2026-07-26 08:00:05,"25 bps increase",0.1925
2026-07-26 08:15:05,"25 bps increase",0.1875
2026-07-26 08:30:06,"25 bps increase",0.1815
2026-07-26 08:45:04,"25 bps increase",0.1815
2026-07-26 09:00:05,"25 bps increase",0.1735
2026-07-26 09:15:04,"25 bps increase",0.1725
2026-07-26 09:30:05,"25 bps increase",0.1725
2026-07-26 09:45:21,"25 bps increase",0.1725
2026-07-26 10:00:04,"25 bps increase",0.1725
2026-07-26 10:15:04,"25 bps increase",0.1725
2026-07-26 10:30:04,"25 bps increase",0.1725
2026-07-26 10:45:04,"25 bps increase",0.1725
2026-07-26 11:00:22,"25 bps increase",0.1715
2026-07-26 11:15:07,"25 bps increase",0.1705
2026-07-26 11:30:05,"25 bps increase",0.1665
2026-07-26 11:45:05,"25 bps increase",0.1625
2026-07-26 12:00:05,"25 bps increase",0.1615
2026-07-26 12:15:06,"25 bps increase",0.1605
2026-07-26 12:30:06,"25 bps increase",0.1605
2026-07-26 12:45:05,"25 bps increase",0.1645
2026-07-26 13:00:04,"25 bps increase",0.1685
2026-07-26 13:15:06,"25 bps increase",0.1695
2026-07-26 13:30:06,"25 bps increase",0.1695
2026-07-26 13:45:04,"25 bps increase",0.1695
2026-07-26 14:00:05,"25 bps increase",0.1695
2026-07-26 14:15:04,"25 bps increase",0.1695
2026-07-26 14:30:05,"25 bps increase",0.1695
2026-07-26 14:45:18,"25 bps increase",0.1695
2026-07-26 15:00:06,"25 bps increase",0.1695
2026-07-26 15:15:04,"25 bps increase",0.1695
2026-07-26 15:30:06,"25 bps increase",0.1695
2026-07-26 15:45:06,"25 bps increase",0.1695
2026-07-26 16:00:20,"25 bps increase",0.1695
2026-07-26 16:15:17,"25 bps increase",0.1695
2026-07-26 16:30:07,"25 bps increase",0.1695
2026-07-26 16:45:07,"25 bps increase",0.171
2026-07-26 17:00:24,"25 bps increase",0.1765
2026-07-26 17:15:06,"25 bps increase",0.1815
2026-07-26 17:30:06,"25 bps increase",0.1805
2026-07-26 17:45:06,"25 bps increase",0.1865
2026-07-26 18:00:06,"25 bps increase",0.187
2026-07-26 18:15:06,"25 bps increase",0.213
2026-07-26 18:30:06,"25 bps increase",0.2175
2026-07-26 18:45:06,"25 bps increase",0.2195
2026-07-26 19:00:06,"25 bps increase",0.221
2026-07-26 19:15:06,"25 bps increase",0.2225
2026-07-26 19:30:06,"25 bps increase",0.223
2026-07-26 19:45:06,"25 bps increase",0.2205
2026-07-26 20:00:05,"25 bps increase",0.206
2026-07-26 20:15:06,"25 bps increase",0.2005
2026-07-26 20:30:04,"25 bps increase",0.2005
2026-07-26 20:45:17,"25 bps increase",0.2005
2026-07-26 21:00:06,"25 bps increase",0.2005
2026-07-26 21:15:06,"25 bps increase",0.2005
2026-07-26 21:30:04,"25 bps increase",0.2005
2026-07-26 21:45:04,"25 bps increase",0.2005
2026-07-26 22:00:05,"25 bps increase",0.2005
2026-07-26 22:15:04,"25 bps increase",0.1965
2026-07-26 22:30:06,"25 bps increase",0.1965
2026-07-26 22:45:05,"25 bps increase",0.194
2026-07-26 23:00:05,"25 bps increase",0.1945
2026-07-26 23:15:07,"25 bps increase",0.1945
2026-07-26 23:30:06,"25 bps increase",0.1945
2026-07-26 23:45:04,"25 bps increase",0.1945
2026-07-27 00:00:06,"25 bps increase",0.1945
2026-07-27 00:15:18,"25 bps increase",0.1955
2026-07-27 00:30:05,"25 bps increase",0.1945
2026-07-27 00:45:08,"25 bps increase",0.197
2026-07-27 01:00:05,"25 bps increase",0.2005
2026-07-27 01:15:06,"25 bps increase",0.1945
2026-07-27 01:30:07,"25 bps increase",0.2
2026-07-27 01:45:04,"25 bps increase",0.2015
2026-07-27 02:00:06,"25 bps increase",0.2005
2026-07-27 02:15:05,"25 bps increase",0.2005
2026-07-27 02:30:05,"25 bps increase",0.1995
2026-07-27 02:45:04,"25 bps increase",0.1945
2026-07-27 03:00:04,"25 bps increase",0.1935
2026-07-27 03:15:04,"25 bps increase",0.193
2026-07-27 03:30:04,"25 bps increase",0.1905
2026-07-27 03:45:06,"25 bps increase",0.1905
2026-07-27 04:00:05,"25 bps increase",0.1905
2026-07-27 04:15:06,"25 bps increase",0.1915
2026-07-27 04:30:04,"25 bps increase",0.1915
2026-07-27 04:45:04,"25 bps increase",0.1965
2026-07-27 05:00:04,"25 bps increase",0.1965
2026-07-27 05:15:05,"25 bps increase",0.1975
2026-07-27 05:30:05,"25 bps increase",0.1955
2026-07-27 05:45:04,"25 bps increase",0.1935
2026-07-27 06:00:05,"25 bps increase",0.1935
2026-07-27 06:15:04,"25 bps increase",0.1935
2026-07-27 06:30:04,"25 bps increase",0.1935
2026-07-27 06:45:05,"25 bps increase",0.1945
2026-07-27 07:00:06,"25 bps increase",0.1945
2026-07-27 07:15:05,"25 bps increase",0.1945
2026-07-27 07:30:05,"25 bps increase",0.195
2026-07-27 07:45:04,"25 bps increase",0.1955
2026-07-27 08:00:04,"25 bps increase",0.1955
2026-07-27 08:15:04,"25 bps increase",0.199
2026-07-27 08:30:06,"25 bps increase",0.2005
2026-07-27 08:45:04,"25 bps increase",0.2015
2026-07-27 09:00:05,"25 bps increase",0.2015
2026-07-27 09:15:05,"25 bps increase",0.2015
2026-07-27 09:30:05,"25 bps increase",0.2035
2026-07-27 09:45:06,"25 bps increase",0.212
2026-07-27 10:00:05,"25 bps increase",0.2235
2026-07-27 10:15:06,"25 bps increase",0.2445
2026-07-27 10:30:05,"25 bps increase",0.2615
2026-07-27 10:45:06,"25 bps increase",0.2625
2026-07-27 11:00:05,"25 bps increase",0.2685
2026-07-27 11:15:05,"25 bps increase",0.2805
2026-07-27 11:30:06,"25 bps increase",0.2805
2026-07-27 11:45:06,"25 bps increase",0.2705
2026-07-27 12:00:04,"25 bps increase",0.2705
2026-07-27 12:15:06,"25 bps increase",0.2705
2026-07-27 12:30:06,"25 bps increase",0.2645
2026-07-27 12:45:05,"25 bps increase",0.2645
2026-07-27 13:00:04,"25 bps increase",0.2475
2026-07-27 13:15:17,"25 bps increase",0.2615
2026-07-27 13:30:06,"25 bps increase",0.261
2026-07-27 13:45:04,"25 bps increase",0.266
2026-07-27 14:00:06,"25 bps increase",0.2675
2026-07-27 14:15:04,"25 bps increase",0.2685
2026-07-27 14:30:10,"25 bps increase",0.2665
2026-07-27 14:45:05,"25 bps increase",0.2665
2026-07-27 15:00:19,"25 bps increase",0.2655
2026-07-27 15:15:16,"25 bps increase",0.2675
2026-07-27 15:30:05,"25 bps increase",0.2655
2026-07-27 15:45:06,"25 bps increase",0.2655
2026-07-27 16:00:20,"25 bps increase",0.2615
2026-07-27 16:15:07,"25 bps increase",0.2635
2026-07-27 16:30:04,"25 bps increase",0.2635
2026-07-27 16:45:05,"25 bps increase",0.275
2026-07-27 17:00:05,"25 bps increase",0.2695
2026-07-27 17:15:04,"25 bps increase",0.2695
2026-07-27 17:30:05,"25 bps increase",0.2655
2026-07-27 17:45:05,"25 bps increase",0.2655
2026-07-27 18:00:06,"25 bps increase",0.2645
2026-07-27 18:15:05,"25 bps increase",0.2645
2026-07-27 18:30:06,"25 bps increase",0.2645
2026-07-27 18:45:05,"25 bps increase",0.2645
2026-07-27 19:00:07,"25 bps increase",0.2645
2026-07-27 19:15:06,"25 bps increase",0.2645
2026-07-27 19:30:05,"25 bps increase",0.2655
2026-07-27 19:45:07,"25 bps increase",0.267
2026-07-27 20:00:07,"25 bps increase",0.2825
2026-07-27 20:15:07,"25 bps increase",0.2845
2026-07-27 20:30:07,"25 bps increase",0.2825
2026-07-27 20:45:04,"25 bps increase",0.2825
2026-07-27 21:00:06,"25 bps increase",0.2825
2026-07-27 21:15:05,"25 bps increase",0.2845
2026-07-27 21:30:05,"25 bps increase",0.2835
2026-07-27 21:45:07,"25 bps increase",0.2815
2026-07-27 22:00:06,"25 bps increase",0.276
2026-07-27 22:15:21,"25 bps increase",0.2755
2026-07-27 22:30:04,"25 bps increase",0.2765
2026-07-27 22:45:07,"25 bps increase",0.281
2026-07-27 23:00:07,"25 bps increase",0.2835
2026-07-27 23:15:08,"25 bps increase",0.2835
2026-07-27 23:30:05,"25 bps increase",0.2775
2026-07-27 23:45:05,"25 bps increase",0.2715
2026-07-28 00:00:07,"25 bps increase",0.272
2026-07-28 00:15:07,"25 bps increase",0.2715
2026-07-28 00:30:05,"25 bps increase",0.2715
2026-07-28 00:45:07,"25 bps increase",0.2715
2026-07-28 01:00:05,"25 bps increase",0.2715
2026-07-28 01:15:07,"25 bps increase",0.2715
2026-07-28 01:30:05,"25 bps increase",0.2715
2026-07-28 01:45:06,"25 bps increase",0.2715
2026-07-28 02:00:07,"25 bps increase",0.275
2026-07-28 02:15:05,"25 bps increase",0.2745
2026-07-28 02:30:04,"25 bps increase",0.2745
2026-07-28 02:45:04,"25 bps increase",0.2775
2026-07-28 03:00:07,"25 bps increase",0.281
2026-07-28 03:15:16,"25 bps increase",0.2815
2026-07-28 03:30:20,"25 bps increase",0.28
2026-07-28 03:45:04,"25 bps increase",0.2815
2026-07-28 04:00:08,"25 bps increase",0.2815
2026-07-28 04:15:07,"25 bps increase",0.2815
2026-07-28 04:30:09,"25 bps increase",0.2685
2026-07-28 05:30:05,"25 bps increase",0.263
2026-07-28 05:45:05,"25 bps increase",0.2525
2026-07-28 06:00:05,"25 bps increase",0.233
2026-07-28 06:15:05,"25 bps increase",0.2455
2026-07-28 06:30:06,"25 bps increase",0.249
2026-07-28 06:45:05,"25 bps increase",0.2385
2026-07-28 07:00:19,"25 bps increase",0.2385
2026-07-28 07:15:05,"25 bps increase",0.2395
2026-07-28 07:30:04,"25 bps increase",0.2495
2026-07-28 07:45:18,"25 bps increase",0.251
2026-07-28 08:00:21,"25 bps increase",0.2485
2026-07-28 08:15:04,"25 bps increase",0.2445
2026-07-28 08:30:05,"25 bps increase",0.2445
2026-07-28 08:45:08,"25 bps increase",0.2425
2026-07-28 09:00:05,"25 bps increase",0.2435
2026-07-28 09:15:05,"25 bps increase",0.2325
2026-07-28 09:30:21,"25 bps increase",0.2325
2026-07-28 09:45:06,"25 bps increase",0.2325
2026-07-28 10:00:05,"25 bps increase",0.233
2026-07-28 10:15:04,"25 bps increase",0.2305
2026-07-28 10:30:05,"25 bps increase",0.2305
2026-07-28 10:45:05,"25 bps increase",0.2305
2026-07-28 11:00:07,"25 bps increase",0.2235
2026-07-28 11:15:06,"25 bps increase",0.2145
2026-07-28 11:30:06,"25 bps increase",0.2075
2026-07-28 11:45:07,"25 bps increase",0.204
2026-07-28 12:00:06,"25 bps increase",0.2025
2026-07-28 12:15:07,"25 bps increase",0.2025
2026-07-28 12:30:07,"25 bps increase",0.1795
2026-07-28 12:45:08,"25 bps increase",0.198
2026-07-28 13:00:08,"25 bps increase",0.2005
2026-07-28 13:15:07,"25 bps increase",0.221
2026-07-28 13:30:05,"25 bps increase",0.2175
2026-07-28 13:45:07,"25 bps increase",0.206
2026-07-28 14:00:08,"25 bps increase",0.1985
2026-07-28 14:15:07,"25 bps increase",0.2005
2026-07-28 14:30:08,"25 bps increase",0.214
2026-07-28 14:45:07,"25 bps increase",0.2195
2026-07-28 15:00:24,"25 bps increase",0.2225
2026-07-28 15:15:07,"25 bps increase",0.2235
2026-07-28 15:30:08,"25 bps increase",0.2205
2026-07-28 15:45:22,"25 bps increase",0.23
2026-07-28 16:00:08,"25 bps increase",0.2285
2026-07-28 16:15:24,"25 bps increase",0.2305
2026-07-28 16:30:07,"25 bps increase",0.23
2026-07-28 16:45:06,"25 bps increase",0.2285
2026-07-28 17:00:07,"25 bps increase",0.2315
2026-07-28 17:15:09,"25 bps increase",0.2315
2026-07-28 17:30:10,"25 bps increase",0.2335
2026-07-28 17:45:08,"25 bps increase",0.2335
2026-07-28 18:00:08,"25 bps increase",0.2325
2026-07-28 18:15:09,"25 bps increase",0.2465
2026-07-28 18:30:10,"25 bps increase",0.247
2026-07-28 18:45:06,"25 bps increase",0.254
2026-07-28 19:00:07,"25 bps increase",0.243
2026-07-28 19:15:08,"25 bps increase",0.243
2026-07-28 19:30:50,"25 bps increase",0.2395
2026-07-28 19:45:26,"25 bps increase",0.24
2026-07-28 20:00:17,"25 bps increase",0.242
2026-07-28 20:15:07,"25 bps increase",0.2445
2026-07-28 20:30:06,"25 bps increase",0.244
2026-07-28 20:45:07,"25 bps increase",0.2445
2026-07-28 21:00:09,"25 bps increase",0.2475
2026-07-28 21:15:08,"25 bps increase",0.2485
2026-07-28 21:30:06,"25 bps increase",0.2485
2026-07-28 21:45:08,"25 bps increase",0.2485
2026-07-28 22:00:06,"25 bps increase",0.2485
2026-07-28 22:15:09,"25 bps increase",0.2485
2026-07-28 22:30:06,"25 bps increase",0.2485
2026-07-28 22:45:09,"25 bps increase",0.2445
2026-07-28 23:00:09,"25 bps increase",0.2465
2026-07-28 23:15:18,"25 bps increase",0.242
2026-07-28 23:30:06,"25 bps increase",0.2425
2026-07-28 23:45:08,"25 bps increase",0.2425
2026-07-29 00:00:09,"25 bps increase",0.2435
2026-07-29 00:15:09,"25 bps increase",0.241
2026-07-29 00:30:07,"25 bps increase",0.2365
2026-07-29 00:45:06,"25 bps increase",0.237
2026-07-29 01:00:08,"25 bps increase",0.237
2026-07-29 01:15:08,"25 bps increase",0.236
2026-07-29 01:30:10,"25 bps increase",0.2335
2026-07-29 01:45:06,"25 bps increase",0.2255
2026-07-29 02:00:08,"25 bps increase",0.2255
2026-07-29 02:15:06,"25 bps increase",0.2155
2026-07-29 02:30:07,"25 bps increase",0.2155
2026-07-29 02:45:06,"25 bps increase",0.2115
2026-07-29 03:00:08,"25 bps increase",0.2115
2026-07-29 03:15:06,"25 bps increase",0.2115
2026-07-29 03:30:06,"25 bps increase",0.2115
2026-07-29 03:45:09,"25 bps increase",0.2115
2026-07-29 04:00:09,"25 bps increase",0.2115
2026-07-29 04:15:06,"25 bps increase",0.2085
2026-07-29 04:30:06,"25 bps increase",0.207
2026-07-29 04:45:23,"25 bps increase",0.2095
2026-07-29 05:00:07,"25 bps increase",0.214
2026-07-29 05:15:07,"25 bps increase",0.208
2026-07-29 05:30:08,"25 bps increase",0.2115
2026-07-29 05:45:06,"25 bps increase",0.2115
2026-07-29 06:00:08,"25 bps increase",0.213
2026-07-29 06:15:06,"25 bps increase",0.2245
2026-07-29 06:30:06,"25 bps increase",0.2395
2026-07-29 06:45:07,"25 bps increase",0.2425
2026-07-29 07:00:06,"25 bps increase",0.2425
2026-07-29 07:15:06,"25 bps increase",0.234
2026-07-29 07:30:07,"25 bps increase",0.2315
2026-07-29 07:45:07,"25 bps increase",0.242
2026-07-29 08:00:06,"25 bps increase",0.2375
2026-07-29 08:15:06,"25 bps increase",0.231
2026-07-29 08:30:06,"25 bps increase",0.2385
2026-07-29 08:45:08,"25 bps increase",0.2395
2026-07-29 09:00:06,"25 bps increase",0.2435
2026-07-29 09:15:07,"25 bps increase",0.2485
2026-07-29 09:30:06,"25 bps increase",0.2485
2026-07-29 09:45:08,"25 bps increase",0.2495
2026-07-29 10:00:07,"25 bps increase",0.2365
2026-07-29 10:15:08,"25 bps increase",0.2365
2026-07-29 10:30:07,"25 bps increase",0.2515
2026-07-29 10:45:06,"25 bps increase",0.2465
2026-07-29 11:00:06,"25 bps increase",0.247
2026-07-29 11:15:08,"25 bps increase",0.2635
2026-07-29 11:30:06,"25 bps increase",0.259
2026-07-29 11:45:08,"25 bps increase",0.2585
2026-07-29 12:00:09,"25 bps increase",0.2695
2026-07-29 12:15:08,"25 bps increase",0.2695
2026-07-29 12:30:09,"25 bps increase",0.2675
2026-07-29 12:45:09,"25 bps increase",0.2585
2026-07-29 13:00:07,"25 bps increase",0.2545
2026-07-29 13:15:06,"25 bps increase",0.2535
2026-07-29 13:30:06,"25 bps increase",0.2445
2026-07-22 09:00:06,"50+ bps decrease",0.0015
2026-07-22 09:15:04,"50+ bps decrease",0.0015
2026-07-22 09:30:06,"50+ bps decrease",0.0015
2026-07-22 09:45:07,"50+ bps decrease",0.0015
2026-07-22 10:00:05,"50+ bps decrease",0.0015
2026-07-22 10:15:06,"50+ bps decrease",0.0015
2026-07-22 10:30:05,"50+ bps decrease",0.0015
2026-07-22 10:45:06,"50+ bps decrease",0.0015
2026-07-22 11:00:08,"50+ bps decrease",0.0015
2026-07-22 11:15:06,"50+ bps decrease",0.0015
2026-07-22 11:30:22,"50+ bps decrease",0.0015
2026-07-22 11:45:05,"50+ bps decrease",0.0015
2026-07-22 12:00:06,"50+ bps decrease",0.0015
2026-07-22 12:15:06,"50+ bps decrease",0.0015
2026-07-22 12:30:06,"50+ bps decrease",0.0015
2026-07-22 12:45:06,"50+ bps decrease",0.0015
2026-07-22 13:00:10,"50+ bps decrease",0.0015
2026-07-22 13:15:06,"50+ bps decrease",0.0015
2026-07-22 13:30:07,"50+ bps decrease",0.0015
2026-07-22 13:45:06,"50+ bps decrease",0.0015
2026-07-22 14:00:07,"50+ bps decrease",0.0015
2026-07-22 14:15:06,"50+ bps decrease",0.0015
2026-07-22 14:30:07,"50+ bps decrease",0.0015
2026-07-22 14:45:06,"50+ bps decrease",0.0015
2026-07-22 15:00:05,"50+ bps decrease",0.0015
2026-07-22 15:15:06,"50+ bps decrease",0.0015
2026-07-22 15:30:08,"50+ bps decrease",0.0015
2026-07-22 15:45:07,"50+ bps decrease",0.0015
2026-07-22 16:00:08,"50+ bps decrease",0.0015
2026-07-22 16:15:06,"50+ bps decrease",0.0015
2026-07-22 16:30:06,"50+ bps decrease",0.0015
2026-07-22 16:45:06,"50+ bps decrease",0.0015
2026-07-22 17:00:08,"50+ bps decrease",0.0015
2026-07-22 17:15:06,"50+ bps decrease",0.0015
2026-07-22 17:30:07,"50+ bps decrease",0.0015
2026-07-22 17:45:07,"50+ bps decrease",0.0015
2026-07-22 18:00:09,"50+ bps decrease",0.0015
2026-07-22 18:15:07,"50+ bps decrease",0.0015
2026-07-22 18:30:07,"50+ bps decrease",0.0015
2026-07-22 18:45:07,"50+ bps decrease",0.0015
2026-07-22 19:00:07,"50+ bps decrease",0.0015
2026-07-22 19:15:06,"50+ bps decrease",0.0015
2026-07-22 19:30:08,"50+ bps decrease",0.0015
2026-07-22 19:45:07,"50+ bps decrease",0.0015
2026-07-22 20:00:15,"50+ bps decrease",0.0015
2026-07-22 20:15:06,"50+ bps decrease",0.0015
2026-07-22 20:30:07,"50+ bps decrease",0.0015
2026-07-22 20:45:07,"50+ bps decrease",0.0015
2026-07-22 21:00:20,"50+ bps decrease",0.0015
2026-07-22 21:15:08,"50+ bps decrease",0.0015
2026-07-22 21:30:07,"50+ bps decrease",0.0015
2026-07-22 21:45:07,"50+ bps decrease",0.0015
2026-07-22 22:00:08,"50+ bps decrease",0.0015
2026-07-22 22:15:06,"50+ bps decrease",0.0015
2026-07-22 22:30:08,"50+ bps decrease",0.0015
2026-07-22 22:45:07,"50+ bps decrease",0.0015
2026-07-22 23:00:11,"50+ bps decrease",0.0015
2026-07-22 23:15:06,"50+ bps decrease",0.0015
2026-07-22 23:30:08,"50+ bps decrease",0.0015
2026-07-22 23:45:06,"50+ bps decrease",0.0015
2026-07-23 00:00:10,"50+ bps decrease",0.0015
2026-07-23 00:15:07,"50+ bps decrease",0.0015
2026-07-23 00:30:08,"50+ bps decrease",0.0015
2026-07-23 00:45:14,"50+ bps decrease",0.0015
2026-07-23 01:00:17,"50+ bps decrease",0.0015
2026-07-23 01:15:07,"50+ bps decrease",0.0015
2026-07-23 01:30:17,"50+ bps decrease",0.0015
2026-07-23 01:45:07,"50+ bps decrease",0.0015
2026-07-23 02:00:18,"50+ bps decrease",0.0015
2026-07-23 02:15:07,"50+ bps decrease",0.0015
2026-07-23 02:30:21,"50+ bps decrease",0.0015
2026-07-23 02:45:20,"50+ bps decrease",0.0015
2026-07-23 03:00:11,"50+ bps decrease",0.0015
2026-07-23 03:15:08,"50+ bps decrease",0.0015
2026-07-23 03:30:07,"50+ bps decrease",0.0015
2026-07-23 03:45:06,"50+ bps decrease",0.0015
2026-07-23 04:00:06,"50+ bps decrease",0.0015
2026-07-23 04:15:05,"50+ bps decrease",0.0015
2026-07-23 04:30:10,"50+ bps decrease",0.0015
2026-07-23 04:45:06,"50+ bps decrease",0.0015
2026-07-23 05:00:13,"50+ bps decrease",0.0015
2026-07-23 05:15:06,"50+ bps decrease",0.0015
2026-07-23 05:30:09,"50+ bps decrease",0.0015
2026-07-23 05:45:06,"50+ bps decrease",0.0015
2026-07-23 06:00:13,"50+ bps decrease",0.0015
2026-07-23 06:15:06,"50+ bps decrease",0.0015
2026-07-23 06:30:12,"50+ bps decrease",0.0015
2026-07-23 06:45:07,"50+ bps decrease",0.0015
2026-07-23 07:00:08,"50+ bps decrease",0.0015
2026-07-23 07:15:08,"50+ bps decrease",0.0015
2026-07-23 07:30:11,"50+ bps decrease",0.0015
2026-07-23 07:45:06,"50+ bps decrease",0.0015
2026-07-23 08:00:19,"50+ bps decrease",0.0015
2026-07-23 08:15:06,"50+ bps decrease",0.0015
2026-07-23 08:30:11,"50+ bps decrease",0.0015
2026-07-23 08:45:05,"50+ bps decrease",0.0015
2026-07-23 09:00:10,"50+ bps decrease",0.0015
2026-07-23 09:15:06,"50+ bps decrease",0.0015
2026-07-23 09:30:10,"50+ bps decrease",0.0015
2026-07-23 09:45:08,"50+ bps decrease",0.0015
2026-07-23 10:00:09,"50+ bps decrease",0.0015
2026-07-23 10:15:06,"50+ bps decrease",0.0015
2026-07-23 10:30:11,"50+ bps decrease",0.0015
2026-07-23 10:45:05,"50+ bps decrease",0.0015
2026-07-23 11:00:16,"50+ bps decrease",0.0015
2026-07-23 11:15:08,"50+ bps decrease",0.0015
2026-07-23 11:30:21,"50+ bps decrease",0.0015
2026-07-23 11:45:07,"50+ bps decrease",0.0015
2026-07-23 12:00:10,"50+ bps decrease",0.0015
2026-07-23 12:15:06,"50+ bps decrease",0.0015
2026-07-23 12:30:12,"50+ bps decrease",0.0015
2026-07-23 12:45:20,"50+ bps decrease",0.0015
2026-07-23 13:00:16,"50+ bps decrease",0.0015
2026-07-23 13:15:05,"50+ bps decrease",0.0015
2026-07-23 13:30:11,"50+ bps decrease",0.0015
2026-07-23 13:45:06,"50+ bps decrease",0.0015
2026-07-23 14:00:14,"50+ bps decrease",0.0015
2026-07-23 14:15:07,"50+ bps decrease",0.0015
2026-07-23 14:30:12,"50+ bps decrease",0.0015
2026-07-23 14:45:09,"50+ bps decrease",0.0015
2026-07-23 15:00:12,"50+ bps decrease",0.0015
2026-07-23 15:15:07,"50+ bps decrease",0.0015
2026-07-23 15:30:12,"50+ bps decrease",0.0015
2026-07-23 15:45:07,"50+ bps decrease",0.0015
2026-07-23 16:00:12,"50+ bps decrease",0.0015
2026-07-23 16:15:08,"50+ bps decrease",0.0015
2026-07-23 16:30:11,"50+ bps decrease",0.0015
2026-07-23 16:45:06,"50+ bps decrease",0.0015
2026-07-23 17:00:16,"50+ bps decrease",0.0015
2026-07-23 17:15:08,"50+ bps decrease",0.0015
2026-07-23 17:30:09,"50+ bps decrease",0.0015
2026-07-23 17:45:09,"50+ bps decrease",0.0015
2026-07-23 18:00:11,"50+ bps decrease",0.0015
2026-07-23 18:15:06,"50+ bps decrease",0.0015
2026-07-23 18:30:10,"50+ bps decrease",0.0015
2026-07-23 18:45:08,"50+ bps decrease",0.0015
2026-07-23 19:00:10,"50+ bps decrease",0.0015
2026-07-23 19:15:08,"50+ bps decrease",0.0015
2026-07-23 19:30:09,"50+ bps decrease",0.0015
2026-07-23 19:45:08,"50+ bps decrease",0.0015
2026-07-23 20:00:15,"50+ bps decrease",0.0015
2026-07-23 20:15:08,"50+ bps decrease",0.0015
2026-07-23 20:30:08,"50+ bps decrease",0.0015
2026-07-23 20:45:05,"50+ bps decrease",0.0015
2026-07-23 21:00:08,"50+ bps decrease",0.0015
2026-07-23 21:15:07,"50+ bps decrease",0.0015
2026-07-23 21:30:08,"50+ bps decrease",0.0015
2026-07-23 21:45:05,"50+ bps decrease",0.0015
2026-07-23 22:00:10,"50+ bps decrease",0.0015
2026-07-23 22:15:07,"50+ bps decrease",0.0015
2026-07-23 22:30:10,"50+ bps decrease",0.0015
2026-07-23 22:45:08,"50+ bps decrease",0.0015
2026-07-23 23:00:17,"50+ bps decrease",0.0015
2026-07-23 23:15:09,"50+ bps decrease",0.0015
2026-07-23 23:30:11,"50+ bps decrease",0.0015
2026-07-23 23:45:06,"50+ bps decrease",0.0015
2026-07-24 00:00:10,"50+ bps decrease",0.0015
2026-07-24 00:15:07,"50+ bps decrease",0.0015
2026-07-24 00:30:13,"50+ bps decrease",0.0015
2026-07-24 00:45:12,"50+ bps decrease",0.0015
2026-07-24 01:00:18,"50+ bps decrease",0.0015
2026-07-24 01:15:10,"50+ bps decrease",0.0015
2026-07-24 01:30:11,"50+ bps decrease",0.0015
2026-07-24 01:45:09,"50+ bps decrease",0.0015
2026-07-24 02:00:14,"50+ bps decrease",0.0015
2026-07-24 02:15:09,"50+ bps decrease",0.0015
2026-07-24 02:30:34,"50+ bps decrease",0.0015
2026-07-24 02:45:05,"50+ bps decrease",0.0015
2026-07-24 03:00:08,"50+ bps decrease",0.0015
2026-07-24 03:15:06,"50+ bps decrease",0.0015
2026-07-24 03:30:10,"50+ bps decrease",0.0015
2026-07-24 03:45:06,"50+ bps decrease",0.0015
2026-07-24 04:00:10,"50+ bps decrease",0.0015
2026-07-24 04:15:05,"50+ bps decrease",0.0015
2026-07-24 04:30:08,"50+ bps decrease",0.0015
2026-07-24 04:45:07,"50+ bps decrease",0.0015
2026-07-24 05:00:15,"50+ bps decrease",0.0015
2026-07-24 05:15:05,"50+ bps decrease",0.0015
2026-07-24 05:30:12,"50+ bps decrease",0.0015
2026-07-24 05:45:05,"50+ bps decrease",0.0015
2026-07-24 06:00:11,"50+ bps decrease",0.0015
2026-07-24 06:15:08,"50+ bps decrease",0.0015
2026-07-24 06:30:12,"50+ bps decrease",0.0015
2026-07-24 06:45:05,"50+ bps decrease",0.0015
2026-07-24 07:00:10,"50+ bps decrease",0.0015
2026-07-24 07:15:05,"50+ bps decrease",0.0015
2026-07-24 07:30:08,"50+ bps decrease",0.0015
2026-07-24 07:45:05,"50+ bps decrease",0.0015
2026-07-24 08:00:18,"50+ bps decrease",0.0015
2026-07-24 08:15:06,"50+ bps decrease",0.0015
2026-07-24 08:30:13,"50+ bps decrease",0.0015
2026-07-24 08:45:05,"50+ bps decrease",0.0015
2026-07-24 09:00:13,"50+ bps decrease",0.0015
2026-07-24 09:15:06,"50+ bps decrease",0.0015
2026-07-24 09:30:12,"50+ bps decrease",0.0015
2026-07-24 09:45:06,"50+ bps decrease",0.0015
2026-07-24 10:00:12,"50+ bps decrease",0.0015
2026-07-24 10:15:05,"50+ bps decrease",0.0015
2026-07-24 10:30:15,"50+ bps decrease",0.0015
2026-07-24 10:45:06,"50+ bps decrease",0.0015
2026-07-24 11:00:20,"50+ bps decrease",0.0015
2026-07-24 11:15:06,"50+ bps decrease",0.0015
2026-07-24 11:30:11,"50+ bps decrease",0.0015
2026-07-24 11:45:07,"50+ bps decrease",0.0015
2026-07-24 12:00:12,"50+ bps decrease",0.0015
2026-07-24 12:15:07,"50+ bps decrease",0.0015
2026-07-24 12:30:11,"50+ bps decrease",0.0015
2026-07-24 12:45:07,"50+ bps decrease",0.0015
2026-07-24 13:00:12,"50+ bps decrease",0.0015
2026-07-24 13:15:08,"50+ bps decrease",0.0015
2026-07-24 13:30:12,"50+ bps decrease",0.0015
2026-07-24 13:45:07,"50+ bps decrease",0.0015
2026-07-24 14:00:13,"50+ bps decrease",0.0015
2026-07-24 14:15:07,"50+ bps decrease",0.0015
2026-07-24 14:30:08,"50+ bps decrease",0.0015
2026-07-24 14:45:05,"50+ bps decrease",0.0015
2026-07-24 15:00:13,"50+ bps decrease",0.0015
2026-07-24 15:15:08,"50+ bps decrease",0.0015
2026-07-24 15:30:37,"50+ bps decrease",0.0015
2026-07-24 15:45:07,"50+ bps decrease",0.0015
2026-07-24 16:00:14,"50+ bps decrease",0.0015
2026-07-24 16:15:07,"50+ bps decrease",0.0015
2026-07-24 16:30:28,"50+ bps decrease",0.0015
2026-07-24 16:45:07,"50+ bps decrease",0.0015
2026-07-24 17:00:14,"50+ bps decrease",0.0015
2026-07-24 17:15:07,"50+ bps decrease",0.0015
2026-07-24 17:30:12,"50+ bps decrease",0.0015
2026-07-24 17:45:06,"50+ bps decrease",0.0015
2026-07-24 18:00:11,"50+ bps decrease",0.0015
2026-07-24 18:15:06,"50+ bps decrease",0.0015
2026-07-24 18:30:12,"50+ bps decrease",0.0015
2026-07-24 18:45:06,"50+ bps decrease",0.0015
2026-07-24 19:00:11,"50+ bps decrease",0.0015
2026-07-24 19:15:08,"50+ bps decrease",0.0015
2026-07-24 19:30:11,"50+ bps decrease",0.0015
2026-07-24 19:45:09,"50+ bps decrease",0.0015
2026-07-24 20:00:15,"50+ bps decrease",0.0015
2026-07-24 20:15:08,"50+ bps decrease",0.0015
2026-07-24 20:30:13,"50+ bps decrease",0.0015
2026-07-24 20:45:11,"50+ bps decrease",0.0015
2026-07-24 21:00:13,"50+ bps decrease",0.0015
2026-07-24 21:15:07,"50+ bps decrease",0.0015
2026-07-24 21:30:10,"50+ bps decrease",0.0015
2026-07-24 21:45:06,"50+ bps decrease",0.0015
2026-07-24 22:00:11,"50+ bps decrease",0.0015
2026-07-24 22:15:06,"50+ bps decrease",0.0015
2026-07-24 22:30:12,"50+ bps decrease",0.0015
2026-07-24 22:45:05,"50+ bps decrease",0.0015
2026-07-24 23:00:12,"50+ bps decrease",0.0015
2026-07-24 23:15:06,"50+ bps decrease",0.0015
2026-07-24 23:30:10,"50+ bps decrease",0.0015
2026-07-24 23:45:05,"50+ bps decrease",0.0015
2026-07-25 00:00:12,"50+ bps decrease",0.0015
2026-07-25 00:15:07,"50+ bps decrease",0.0015
2026-07-25 00:30:12,"50+ bps decrease",0.0015
2026-07-25 00:45:08,"50+ bps decrease",0.0015
2026-07-25 01:00:12,"50+ bps decrease",0.0015
2026-07-25 01:15:08,"50+ bps decrease",0.0015
2026-07-25 01:30:29,"50+ bps decrease",0.0015
2026-07-25 01:45:05,"50+ bps decrease",0.0015
2026-07-25 02:00:20,"50+ bps decrease",0.0015
2026-07-25 02:15:06,"50+ bps decrease",0.0015
2026-07-25 02:30:09,"50+ bps decrease",0.0015
2026-07-25 02:45:09,"50+ bps decrease",0.0015
2026-07-25 03:00:28,"50+ bps decrease",0.0015
2026-07-25 03:15:07,"50+ bps decrease",0.0015
2026-07-25 03:30:11,"50+ bps decrease",0.0015
2026-07-25 03:45:07,"50+ bps decrease",0.0015
2026-07-25 04:00:14,"50+ bps decrease",0.0015
2026-07-25 04:15:06,"50+ bps decrease",0.0015
2026-07-25 04:30:11,"50+ bps decrease",0.0015
2026-07-25 04:45:21,"50+ bps decrease",0.0015
2026-07-25 05:00:14,"50+ bps decrease",0.0015
2026-07-25 05:15:05,"50+ bps decrease",0.0015
2026-07-25 05:30:14,"50+ bps decrease",0.0015
2026-07-25 05:45:19,"50+ bps decrease",0.0015
2026-07-25 06:00:13,"50+ bps decrease",0.0015
2026-07-25 06:15:06,"50+ bps decrease",0.0015
2026-07-25 06:30:15,"50+ bps decrease",0.0015
2026-07-25 06:45:07,"50+ bps decrease",0.0015
2026-07-25 07:00:10,"50+ bps decrease",0.0015
2026-07-25 07:15:08,"50+ bps decrease",0.0015
2026-07-25 07:30:21,"50+ bps decrease",0.0015
2026-07-25 07:45:06,"50+ bps decrease",0.0015
2026-07-25 08:00:32,"50+ bps decrease",0.0015
2026-07-25 08:15:05,"50+ bps decrease",0.0015
2026-07-25 08:30:10,"50+ bps decrease",0.0015
2026-07-25 08:45:06,"50+ bps decrease",0.0015
2026-07-25 09:00:13,"50+ bps decrease",0.0015
2026-07-25 09:15:06,"50+ bps decrease",0.0015
2026-07-25 09:30:12,"50+ bps decrease",0.0015
2026-07-25 09:45:08,"50+ bps decrease",0.0015
2026-07-25 10:00:12,"50+ bps decrease",0.0015
2026-07-25 10:15:06,"50+ bps decrease",0.0015
2026-07-25 10:30:13,"50+ bps decrease",0.0015
2026-07-25 10:45:06,"50+ bps decrease",0.0015
2026-07-25 11:00:28,"50+ bps decrease",0.0015
2026-07-25 11:15:06,"50+ bps decrease",0.0015
2026-07-25 11:30:13,"50+ bps decrease",0.0015
2026-07-25 11:45:07,"50+ bps decrease",0.0015
2026-07-25 12:00:13,"50+ bps decrease",0.0015
2026-07-25 12:15:21,"50+ bps decrease",0.0015
2026-07-25 12:30:12,"50+ bps decrease",0.0015
2026-07-25 12:45:07,"50+ bps decrease",0.0015
2026-07-25 13:00:14,"50+ bps decrease",0.0015
2026-07-25 13:15:06,"50+ bps decrease",0.0015
2026-07-25 13:30:13,"50+ bps decrease",0.0015
2026-07-25 13:45:06,"50+ bps decrease",0.0015
2026-07-25 14:00:18,"50+ bps decrease",0.0015
2026-07-25 14:15:08,"50+ bps decrease",0.0015
2026-07-25 14:30:11,"50+ bps decrease",0.0015
2026-07-25 14:45:08,"50+ bps decrease",0.0015
2026-07-25 15:00:13,"50+ bps decrease",0.0015
2026-07-25 15:15:06,"50+ bps decrease",0.0015
2026-07-25 15:30:14,"50+ bps decrease",0.0015
2026-07-25 15:45:07,"50+ bps decrease",0.0015
2026-07-25 16:00:14,"50+ bps decrease",0.0015
2026-07-25 16:15:06,"50+ bps decrease",0.0015
2026-07-25 16:30:11,"50+ bps decrease",0.0015
2026-07-25 16:45:05,"50+ bps decrease",0.0015
2026-07-25 17:00:35,"50+ bps decrease",0.0015
2026-07-25 17:15:05,"50+ bps decrease",0.0015
2026-07-25 17:30:11,"50+ bps decrease",0.0015
2026-07-25 17:45:06,"50+ bps decrease",0.0015
2026-07-25 18:00:12,"50+ bps decrease",0.0015
2026-07-25 18:15:21,"50+ bps decrease",0.0015
2026-07-25 18:30:13,"50+ bps decrease",0.0015
2026-07-25 18:45:06,"50+ bps decrease",0.0015
2026-07-25 19:00:34,"50+ bps decrease",0.0015
2026-07-25 19:15:05,"50+ bps decrease",0.0015
2026-07-25 19:30:13,"50+ bps decrease",0.0015
2026-07-25 19:45:07,"50+ bps decrease",0.0015
2026-07-25 20:00:15,"50+ bps decrease",0.0015
2026-07-25 20:15:07,"50+ bps decrease",0.0015
2026-07-25 20:30:11,"50+ bps decrease",0.0015
2026-07-25 20:45:05,"50+ bps decrease",0.0015
2026-07-25 21:00:11,"50+ bps decrease",0.0015
2026-07-25 21:15:06,"50+ bps decrease",0.0015
2026-07-25 21:30:10,"50+ bps decrease",0.0015
2026-07-25 21:45:05,"50+ bps decrease",0.0015
2026-07-25 22:00:10,"50+ bps decrease",0.0015
2026-07-25 22:15:05,"50+ bps decrease",0.0015
2026-07-25 22:30:11,"50+ bps decrease",0.0015
2026-07-25 22:45:06,"50+ bps decrease",0.0015
2026-07-25 23:00:18,"50+ bps decrease",0.0015
2026-07-25 23:15:07,"50+ bps decrease",0.0015
2026-07-25 23:30:16,"50+ bps decrease",0.0015
2026-07-25 23:45:10,"50+ bps decrease",0.0015
2026-07-26 00:00:11,"50+ bps decrease",0.0015
2026-07-26 00:15:18,"50+ bps decrease",0.0015
2026-07-26 00:30:12,"50+ bps decrease",0.0015
2026-07-26 00:45:07,"50+ bps decrease",0.0015
2026-07-26 01:00:10,"50+ bps decrease",0.0015
2026-07-26 01:15:07,"50+ bps decrease",0.0015
2026-07-26 01:30:14,"50+ bps decrease",0.0015
2026-07-26 01:45:08,"50+ bps decrease",0.0015
2026-07-26 02:00:17,"50+ bps decrease",0.0015
2026-07-26 02:15:07,"50+ bps decrease",0.0015
2026-07-26 02:30:18,"50+ bps decrease",0.0015
2026-07-26 02:45:17,"50+ bps decrease",0.0015
2026-07-26 03:00:36,"50+ bps decrease",0.0015
2026-07-26 03:15:06,"50+ bps decrease",0.0015
2026-07-26 03:30:13,"50+ bps decrease",0.0015
2026-07-26 03:45:08,"50+ bps decrease",0.0015
2026-07-26 04:00:12,"50+ bps decrease",0.0015
2026-07-26 04:15:10,"50+ bps decrease",0.0015
2026-07-26 04:30:13,"50+ bps decrease",0.0015
2026-07-26 04:45:08,"50+ bps decrease",0.0015
2026-07-26 05:00:12,"50+ bps decrease",0.0015
2026-07-26 05:15:08,"50+ bps decrease",0.0015
2026-07-26 05:30:11,"50+ bps decrease",0.0015
2026-07-26 05:45:24,"50+ bps decrease",0.0015
2026-07-26 06:00:10,"50+ bps decrease",0.0015
2026-07-26 06:15:07,"50+ bps decrease",0.0015
2026-07-26 06:30:28,"50+ bps decrease",0.0015
2026-07-26 06:45:07,"50+ bps decrease",0.0015
2026-07-26 07:00:10,"50+ bps decrease",0.0015
2026-07-26 07:15:05,"50+ bps decrease",0.0015
2026-07-26 07:30:13,"50+ bps decrease",0.0015
2026-07-26 07:45:05,"50+ bps decrease",0.0015
2026-07-26 08:00:18,"50+ bps decrease",0.0015
2026-07-26 08:15:05,"50+ bps decrease",0.0015
2026-07-26 08:30:15,"50+ bps decrease",0.0015
2026-07-26 08:45:05,"50+ bps decrease",0.0015
2026-07-26 09:00:10,"50+ bps decrease",0.0015
2026-07-26 09:15:08,"50+ bps decrease",0.0015
2026-07-26 09:30:09,"50+ bps decrease",0.0015
2026-07-26 09:45:23,"50+ bps decrease",0.0015
2026-07-26 10:00:13,"50+ bps decrease",0.0015
2026-07-26 10:15:05,"50+ bps decrease",0.0015
2026-07-26 10:30:13,"50+ bps decrease",0.0015
2026-07-26 10:45:05,"50+ bps decrease",0.0015
2026-07-26 11:00:40,"50+ bps decrease",0.0015
2026-07-26 11:15:08,"50+ bps decrease",0.0015
2026-07-26 11:30:14,"50+ bps decrease",0.0015
2026-07-26 11:45:06,"50+ bps decrease",0.0015
2026-07-26 12:00:13,"50+ bps decrease",0.0015
2026-07-26 12:15:06,"50+ bps decrease",0.0015
2026-07-26 12:30:14,"50+ bps decrease",0.0015
2026-07-26 12:45:08,"50+ bps decrease",0.0015
2026-07-26 13:00:13,"50+ bps decrease",0.0015
2026-07-26 13:15:08,"50+ bps decrease",0.0015
2026-07-26 13:30:12,"50+ bps decrease",0.0015
2026-07-26 13:45:05,"50+ bps decrease",0.0015
2026-07-26 14:00:19,"50+ bps decrease",0.0015
2026-07-26 14:15:05,"50+ bps decrease",0.0015
2026-07-26 14:30:16,"50+ bps decrease",0.0015
2026-07-26 14:45:19,"50+ bps decrease",0.0015
2026-07-26 15:00:14,"50+ bps decrease",0.0015
2026-07-26 15:15:08,"50+ bps decrease",0.0015
2026-07-26 15:30:13,"50+ bps decrease",0.0015
2026-07-26 15:45:07,"50+ bps decrease",0.0015
2026-07-26 16:00:28,"50+ bps decrease",0.0015
2026-07-26 16:15:18,"50+ bps decrease",0.0015
2026-07-26 16:30:18,"50+ bps decrease",0.0015
2026-07-26 16:45:08,"50+ bps decrease",0.0015
2026-07-26 17:00:38,"50+ bps decrease",0.0015
2026-07-26 17:15:07,"50+ bps decrease",0.0015
2026-07-26 17:30:14,"50+ bps decrease",0.0015
2026-07-26 17:45:06,"50+ bps decrease",0.0015
2026-07-26 18:00:11,"50+ bps decrease",0.0015
2026-07-26 18:15:07,"50+ bps decrease",0.0015
2026-07-26 18:30:11,"50+ bps decrease",0.0015
2026-07-26 18:45:08,"50+ bps decrease",0.0015
2026-07-26 19:00:12,"50+ bps decrease",0.0015
2026-07-26 19:15:06,"50+ bps decrease",0.0015
2026-07-26 19:30:13,"50+ bps decrease",0.0015
2026-07-26 19:45:07,"50+ bps decrease",0.0015
2026-07-26 20:00:19,"50+ bps decrease",0.0015
2026-07-26 20:15:07,"50+ bps decrease",0.0015
2026-07-26 20:30:11,"50+ bps decrease",0.0015
2026-07-26 20:45:18,"50+ bps decrease",0.0015
2026-07-26 21:00:11,"50+ bps decrease",0.0015
2026-07-26 21:15:06,"50+ bps decrease",0.0015
2026-07-26 21:30:09,"50+ bps decrease",0.0015
2026-07-26 21:45:05,"50+ bps decrease",0.0015
2026-07-26 22:00:10,"50+ bps decrease",0.0015
2026-07-26 22:15:05,"50+ bps decrease",0.0015
2026-07-26 22:30:12,"50+ bps decrease",0.0015
2026-07-26 22:45:05,"50+ bps decrease",0.0015
2026-07-26 23:00:16,"50+ bps decrease",0.0015
2026-07-26 23:15:08,"50+ bps decrease",0.0015
2026-07-26 23:30:14,"50+ bps decrease",0.0015
2026-07-26 23:45:05,"50+ bps decrease",0.0015
2026-07-27 00:00:16,"50+ bps decrease",0.0015
2026-07-27 00:15:19,"50+ bps decrease",0.0015
2026-07-27 00:30:14,"50+ bps decrease",0.0015
2026-07-27 00:45:09,"50+ bps decrease",0.0015
2026-07-27 01:00:12,"50+ bps decrease",0.0015
2026-07-27 01:15:07,"50+ bps decrease",0.0015
2026-07-27 01:30:14,"50+ bps decrease",0.0015
2026-07-27 01:45:05,"50+ bps decrease",0.0015
2026-07-27 02:00:17,"50+ bps decrease",0.0015
2026-07-27 02:15:06,"50+ bps decrease",0.0015
2026-07-27 02:30:12,"50+ bps decrease",0.0015
2026-07-27 02:45:05,"50+ bps decrease",0.0015
2026-07-27 03:00:13,"50+ bps decrease",0.0015
2026-07-27 03:15:05,"50+ bps decrease",0.0015
2026-07-27 03:30:11,"50+ bps decrease",0.0015
2026-07-27 03:45:06,"50+ bps decrease",0.0015
2026-07-27 04:00:12,"50+ bps decrease",0.0015
2026-07-27 04:15:07,"50+ bps decrease",0.0015
2026-07-27 04:30:15,"50+ bps decrease",0.0015
2026-07-27 04:45:05,"50+ bps decrease",0.0015
2026-07-27 05:00:13,"50+ bps decrease",0.0015
2026-07-27 05:15:05,"50+ bps decrease",0.0015
2026-07-27 05:30:15,"50+ bps decrease",0.0015
2026-07-27 05:45:05,"50+ bps decrease",0.0015
2026-07-27 06:00:17,"50+ bps decrease",0.0015
2026-07-27 06:15:06,"50+ bps decrease",0.0015
2026-07-27 06:30:10,"50+ bps decrease",0.0015
2026-07-27 06:45:05,"50+ bps decrease",0.0015
2026-07-27 07:00:14,"50+ bps decrease",0.0015
2026-07-27 07:15:05,"50+ bps decrease",0.0015
2026-07-27 07:30:17,"50+ bps decrease",0.0015
2026-07-27 07:45:05,"50+ bps decrease",0.0015
2026-07-27 08:00:27,"50+ bps decrease",0.0015
2026-07-27 08:15:05,"50+ bps decrease",0.0015
2026-07-27 08:30:20,"50+ bps decrease",0.0015
2026-07-27 08:45:05,"50+ bps decrease",0.0015
2026-07-27 09:00:18,"50+ bps decrease",0.0015
2026-07-27 09:15:05,"50+ bps decrease",0.0015
2026-07-27 09:30:18,"50+ bps decrease",0.0015
2026-07-27 09:45:07,"50+ bps decrease",0.0015
2026-07-27 10:00:19,"50+ bps decrease",0.0015
2026-07-27 10:15:07,"50+ bps decrease",0.0015
2026-07-27 10:30:18,"50+ bps decrease",0.0015
2026-07-27 10:45:06,"50+ bps decrease",0.0015
2026-07-27 11:00:25,"50+ bps decrease",0.0015
2026-07-27 11:15:06,"50+ bps decrease",0.0015
2026-07-27 11:30:21,"50+ bps decrease",0.0015
2026-07-27 11:45:06,"50+ bps decrease",0.0015
2026-07-27 12:00:17,"50+ bps decrease",0.0015
2026-07-27 12:15:07,"50+ bps decrease",0.0015
2026-07-27 12:30:13,"50+ bps decrease",0.0015
2026-07-27 12:45:05,"50+ bps decrease",0.0015
2026-07-27 13:00:23,"50+ bps decrease",0.0015
2026-07-27 13:15:17,"50+ bps decrease",0.0015
2026-07-27 13:30:12,"50+ bps decrease",0.0015
2026-07-27 13:45:05,"50+ bps decrease",0.0015
2026-07-27 14:00:20,"50+ bps decrease",0.0015
2026-07-27 14:15:05,"50+ bps decrease",0.0015
2026-07-27 14:30:22,"50+ bps decrease",0.0015
2026-07-27 14:45:06,"50+ bps decrease",0.0015
2026-07-27 15:00:24,"50+ bps decrease",0.0015
2026-07-27 15:15:17,"50+ bps decrease",0.0015
2026-07-27 15:30:16,"50+ bps decrease",0.0015
2026-07-27 15:45:07,"50+ bps decrease",0.0015
2026-07-27 16:00:26,"50+ bps decrease",0.0015
2026-07-27 16:15:08,"50+ bps decrease",0.0015
2026-07-27 16:30:20,"50+ bps decrease",0.0015
2026-07-27 16:45:05,"50+ bps decrease",0.0015
2026-07-27 17:00:19,"50+ bps decrease",0.0015
2026-07-27 17:15:05,"50+ bps decrease",0.0015
2026-07-27 17:30:13,"50+ bps decrease",0.0015
2026-07-27 17:45:05,"50+ bps decrease",0.0015
2026-07-27 18:00:16,"50+ bps decrease",0.0015
2026-07-27 18:15:05,"50+ bps decrease",0.0015
2026-07-27 18:30:18,"50+ bps decrease",0.0015
2026-07-27 18:45:05,"50+ bps decrease",0.0015
2026-07-27 19:00:18,"50+ bps decrease",0.0015
2026-07-27 19:15:07,"50+ bps decrease",0.0015
2026-07-27 19:30:16,"50+ bps decrease",0.0015
2026-07-27 19:45:07,"50+ bps decrease",0.0015
2026-07-27 20:00:23,"50+ bps decrease",0.0015
2026-07-27 20:15:07,"50+ bps decrease",0.0015
2026-07-27 20:30:12,"50+ bps decrease",0.0015
2026-07-27 20:45:05,"50+ bps decrease",0.0015
2026-07-27 21:00:13,"50+ bps decrease",0.0015
2026-07-27 21:15:05,"50+ bps decrease",0.0015
2026-07-27 21:30:10,"50+ bps decrease",0.0015
2026-07-27 21:45:07,"50+ bps decrease",0.0015
2026-07-27 22:00:12,"50+ bps decrease",0.0015
2026-07-27 22:15:22,"50+ bps decrease",0.0015
2026-07-27 22:30:10,"50+ bps decrease",0.0015
2026-07-27 22:45:08,"50+ bps decrease",0.0015
2026-07-27 23:00:21,"50+ bps decrease",0.0015
2026-07-27 23:15:08,"50+ bps decrease",0.0015
2026-07-27 23:30:21,"50+ bps decrease",5e-04
2026-07-27 23:45:06,"50+ bps decrease",0.0015
2026-07-28 00:00:24,"50+ bps decrease",0.0015
2026-07-28 00:15:07,"50+ bps decrease",0.0015
2026-07-28 00:30:18,"50+ bps decrease",0.0015
2026-07-28 00:45:08,"50+ bps decrease",0.0015
2026-07-28 01:00:19,"50+ bps decrease",0.0015
2026-07-28 01:15:08,"50+ bps decrease",0.0015
2026-07-28 01:30:23,"50+ bps decrease",0.0015
2026-07-28 01:45:07,"50+ bps decrease",0.0015
2026-07-28 02:00:26,"50+ bps decrease",0.0015
2026-07-28 02:15:07,"50+ bps decrease",5e-04
2026-07-28 02:30:17,"50+ bps decrease",0.0015
2026-07-28 02:45:05,"50+ bps decrease",0.0015
2026-07-28 03:00:33,"50+ bps decrease",0.0015
2026-07-28 03:15:17,"50+ bps decrease",0.0015
2026-07-28 03:30:29,"50+ bps decrease",5e-04
2026-07-28 03:45:09,"50+ bps decrease",0.0015
2026-07-28 04:00:16,"50+ bps decrease",0.0015
2026-07-28 04:15:08,"50+ bps decrease",0.0015
2026-07-28 04:30:24,"50+ bps decrease",0.0015
2026-07-28 05:30:07,"50+ bps decrease",0.0015
2026-07-28 05:45:06,"50+ bps decrease",5e-04
2026-07-28 06:00:21,"50+ bps decrease",0.0015
2026-07-28 06:15:05,"50+ bps decrease",0.0015
2026-07-28 06:30:18,"50+ bps decrease",0.0015
2026-07-28 06:45:06,"50+ bps decrease",0.0015
2026-07-28 07:00:30,"50+ bps decrease",0.0015
2026-07-28 07:15:06,"50+ bps decrease",0.0015
2026-07-28 07:30:16,"50+ bps decrease",0.0015
2026-07-28 07:45:19,"50+ bps decrease",0.0015
2026-07-28 08:00:42,"50+ bps decrease",0.0015
2026-07-28 08:15:05,"50+ bps decrease",0.0015
2026-07-28 08:30:18,"50+ bps decrease",0.0015
2026-07-28 08:45:08,"50+ bps decrease",0.0015
2026-07-28 09:00:16,"50+ bps decrease",0.0015
2026-07-28 09:15:06,"50+ bps decrease",0.0015
2026-07-28 09:30:31,"50+ bps decrease",0.0015
2026-07-28 09:45:07,"50+ bps decrease",0.0015
2026-07-28 10:00:20,"50+ bps decrease",0.0015
2026-07-28 10:15:05,"50+ bps decrease",0.0015
2026-07-28 10:30:21,"50+ bps decrease",0.0015
2026-07-28 10:45:06,"50+ bps decrease",0.0015
2026-07-28 11:00:25,"50+ bps decrease",0.0015
2026-07-28 11:15:07,"50+ bps decrease",0.0015
2026-07-28 11:30:17,"50+ bps decrease",0.0015
2026-07-28 11:45:08,"50+ bps decrease",0.0015
2026-07-28 12:00:15,"50+ bps decrease",0.0015
2026-07-28 12:15:08,"50+ bps decrease",0.0015
2026-07-28 12:30:15,"50+ bps decrease",0.0015
2026-07-28 12:45:09,"50+ bps decrease",0.0015
2026-07-28 13:00:20,"50+ bps decrease",0.0015
2026-07-28 13:15:08,"50+ bps decrease",0.0015
2026-07-28 13:30:21,"50+ bps decrease",0.0015
2026-07-28 13:45:09,"50+ bps decrease",0.0015
2026-07-28 14:00:21,"50+ bps decrease",0.0015
2026-07-28 14:15:08,"50+ bps decrease",0.0015
2026-07-28 14:30:22,"50+ bps decrease",0.0015
2026-07-28 14:45:08,"50+ bps decrease",0.0015
2026-07-28 15:00:33,"50+ bps decrease",0.0015
2026-07-28 15:15:08,"50+ bps decrease",0.0015
2026-07-28 15:30:23,"50+ bps decrease",0.0015
2026-07-28 15:45:23,"50+ bps decrease",0.0015
2026-07-28 16:00:29,"50+ bps decrease",0.0015
2026-07-28 16:15:27,"50+ bps decrease",0.0015
2026-07-28 16:30:29,"50+ bps decrease",0.0015
2026-07-28 16:45:08,"50+ bps decrease",0.0015
2026-07-28 17:00:46,"50+ bps decrease",0.0015
2026-07-28 17:15:11,"50+ bps decrease",0.0015
2026-07-28 17:30:30,"50+ bps decrease",0.0015
2026-07-28 17:45:13,"50+ bps decrease",0.0015
2026-07-28 18:00:38,"50+ bps decrease",0.0015
2026-07-28 18:15:12,"50+ bps decrease",0.0015
2026-07-28 18:30:44,"50+ bps decrease",0.0015
2026-07-28 18:45:10,"50+ bps decrease",0.0015
2026-07-28 19:00:46,"50+ bps decrease",0.0015
2026-07-28 19:15:19,"50+ bps decrease",0.0015
2026-07-28 19:45:41,"50+ bps decrease",0.0015
2026-07-28 20:15:09,"50+ bps decrease",0.0015
2026-07-28 20:30:21,"50+ bps decrease",0.0015
2026-07-28 20:45:09,"50+ bps decrease",0.0015
2026-07-28 21:00:24,"50+ bps decrease",0.0015
2026-07-28 21:15:10,"50+ bps decrease",0.0015
2026-07-28 21:30:24,"50+ bps decrease",0.0015
2026-07-28 21:45:10,"50+ bps decrease",0.0015
2026-07-28 22:00:35,"50+ bps decrease",0.0015
2026-07-28 22:15:11,"50+ bps decrease",0.0015
2026-07-28 22:30:29,"50+ bps decrease",5e-04
2026-07-28 22:45:13,"50+ bps decrease",5e-04
2026-07-28 23:00:36,"50+ bps decrease",5e-04
2026-07-28 23:15:21,"50+ bps decrease",5e-04
2026-07-28 23:30:30,"50+ bps decrease",5e-04
2026-07-28 23:45:13,"50+ bps decrease",5e-04
2026-07-29 00:00:30,"50+ bps decrease",5e-04
2026-07-29 00:15:14,"50+ bps decrease",5e-04
2026-07-29 00:30:40,"50+ bps decrease",5e-04
2026-07-29 00:45:10,"50+ bps decrease",5e-04
2026-07-29 01:00:47,"50+ bps decrease",5e-04
2026-07-29 01:15:13,"50+ bps decrease",5e-04
2026-07-29 01:30:36,"50+ bps decrease",5e-04
2026-07-29 01:45:11,"50+ bps decrease",5e-04
2026-07-29 02:00:43,"50+ bps decrease",5e-04
2026-07-29 02:15:10,"50+ bps decrease",5e-04
2026-07-29 02:30:31,"50+ bps decrease",5e-04
2026-07-29 02:45:10,"50+ bps decrease",5e-04
2026-07-29 03:00:46,"50+ bps decrease",5e-04
2026-07-29 03:15:09,"50+ bps decrease",5e-04
2026-07-29 03:30:39,"50+ bps decrease",5e-04
2026-07-29 03:45:11,"50+ bps decrease",5e-04
2026-07-29 04:00:28,"50+ bps decrease",5e-04
2026-07-29 04:15:09,"50+ bps decrease",5e-04
2026-07-29 04:30:33,"50+ bps decrease",5e-04
2026-07-29 04:45:25,"50+ bps decrease",5e-04
2026-07-29 05:00:31,"50+ bps decrease",5e-04
2026-07-29 05:15:09,"50+ bps decrease",5e-04
2026-07-29 05:30:28,"50+ bps decrease",5e-04
2026-07-29 05:45:08,"50+ bps decrease",5e-04
2026-07-29 06:00:27,"50+ bps decrease",5e-04
2026-07-29 06:15:08,"50+ bps decrease",5e-04
2026-07-29 06:30:24,"50+ bps decrease",5e-04
2026-07-29 06:45:09,"50+ bps decrease",5e-04
2026-07-29 07:00:33,"50+ bps decrease",5e-04
2026-07-29 07:15:08,"50+ bps decrease",5e-04
2026-07-29 07:30:26,"50+ bps decrease",5e-04
2026-07-29 07:45:10,"50+ bps decrease",5e-04
2026-07-29 08:00:35,"50+ bps decrease",5e-04
2026-07-29 08:15:14,"50+ bps decrease",5e-04
2026-07-29 08:30:31,"50+ bps decrease",5e-04
2026-07-29 08:45:12,"50+ bps decrease",5e-04
2026-07-29 09:00:31,"50+ bps decrease",5e-04
2026-07-29 09:15:09,"50+ bps decrease",5e-04
2026-07-29 09:30:27,"50+ bps decrease",5e-04
2026-07-29 09:45:11,"50+ bps decrease",5e-04
2026-07-29 10:00:33,"50+ bps decrease",5e-04
2026-07-29 10:15:10,"50+ bps decrease",5e-04
2026-07-29 10:30:32,"50+ bps decrease",5e-04
2026-07-29 10:45:07,"50+ bps decrease",5e-04
2026-07-29 11:00:43,"50+ bps decrease",5e-04
2026-07-29 11:15:25,"50+ bps decrease",5e-04
2026-07-29 11:30:35,"50+ bps decrease",5e-04
2026-07-29 11:45:10,"50+ bps decrease",5e-04
2026-07-29 12:00:45,"50+ bps decrease",5e-04
2026-07-29 12:15:18,"50+ bps decrease",5e-04
2026-07-29 12:30:42,"50+ bps decrease",5e-04
2026-07-29 12:45:12,"50+ bps decrease",5e-04
2026-07-29 13:00:30,"50+ bps decrease",5e-04
2026-07-29 13:15:08,"50+ bps decrease",5e-04
2026-07-29 13:30:24,"50+ bps decrease",5e-04
2026-07-22 09:00:07,"50+ bps increase",0.0065
2026-07-22 09:15:05,"50+ bps increase",0.0065
2026-07-22 09:30:11,"50+ bps increase",0.0065
2026-07-22 09:45:08,"50+ bps increase",0.0065
2026-07-22 10:00:06,"50+ bps increase",0.0065
2026-07-22 10:15:07,"50+ bps increase",0.0065
2026-07-22 10:30:07,"50+ bps increase",0.008
2026-07-22 10:45:09,"50+ bps increase",0.0075
2026-07-22 11:00:13,"50+ bps increase",0.0075
2026-07-22 11:15:07,"50+ bps increase",0.0075
2026-07-22 11:30:24,"50+ bps increase",0.0085
2026-07-22 11:45:06,"50+ bps increase",0.0085
2026-07-22 12:00:08,"50+ bps increase",0.0085
2026-07-22 12:15:07,"50+ bps increase",0.0085
2026-07-22 12:30:07,"50+ bps increase",0.0085
2026-07-22 12:45:07,"50+ bps increase",0.0085
2026-07-22 13:00:23,"50+ bps increase",0.0085
2026-07-22 13:15:07,"50+ bps increase",0.0085
2026-07-22 13:30:09,"50+ bps increase",0.0085
2026-07-22 13:45:07,"50+ bps increase",0.0085
2026-07-22 14:00:15,"50+ bps increase",0.0085
2026-07-22 14:15:07,"50+ bps increase",0.0085
2026-07-22 14:30:08,"50+ bps increase",0.0085
2026-07-22 14:45:07,"50+ bps increase",0.0085
2026-07-22 15:00:07,"50+ bps increase",0.0085
2026-07-22 15:15:07,"50+ bps increase",0.0085
2026-07-22 15:30:10,"50+ bps increase",0.0085
2026-07-22 15:45:08,"50+ bps increase",0.0085
2026-07-22 16:00:10,"50+ bps increase",0.0085
2026-07-22 16:15:08,"50+ bps increase",0.0085
2026-07-22 16:30:08,"50+ bps increase",0.0085
2026-07-22 16:45:07,"50+ bps increase",0.0085
2026-07-22 17:00:14,"50+ bps increase",0.0085
2026-07-22 17:15:08,"50+ bps increase",0.0085
2026-07-22 17:30:09,"50+ bps increase",0.0085
2026-07-22 17:45:08,"50+ bps increase",0.0085
2026-07-22 18:00:15,"50+ bps increase",0.0085
2026-07-22 18:15:08,"50+ bps increase",0.0085
2026-07-22 18:30:09,"50+ bps increase",0.0085
2026-07-22 18:45:07,"50+ bps increase",0.0085
2026-07-22 19:00:09,"50+ bps increase",0.0085
2026-07-22 19:15:07,"50+ bps increase",0.0085
2026-07-22 19:30:10,"50+ bps increase",0.0085
2026-07-22 19:45:08,"50+ bps increase",0.0085
2026-07-22 20:00:20,"50+ bps increase",0.0085
2026-07-22 20:15:07,"50+ bps increase",0.0085
2026-07-22 20:30:07,"50+ bps increase",0.0085
2026-07-22 20:45:08,"50+ bps increase",0.0085
2026-07-22 21:00:21,"50+ bps increase",0.0085
2026-07-22 21:15:10,"50+ bps increase",0.0085
2026-07-22 21:30:08,"50+ bps increase",0.0085
2026-07-22 21:45:08,"50+ bps increase",0.0085
2026-07-22 22:00:10,"50+ bps increase",0.0085
2026-07-22 22:15:07,"50+ bps increase",0.0085
2026-07-22 22:30:10,"50+ bps increase",0.0085
2026-07-22 22:45:08,"50+ bps increase",0.0085
2026-07-22 23:00:15,"50+ bps increase",0.0085
2026-07-22 23:15:07,"50+ bps increase",0.0085
2026-07-22 23:30:10,"50+ bps increase",0.0085
2026-07-22 23:45:07,"50+ bps increase",0.0085
2026-07-23 00:00:13,"50+ bps increase",0.0085
2026-07-23 00:15:08,"50+ bps increase",0.0085
2026-07-23 00:30:10,"50+ bps increase",0.0085
2026-07-23 00:45:21,"50+ bps increase",0.0085
2026-07-23 01:00:25,"50+ bps increase",0.0085
2026-07-23 01:15:08,"50+ bps increase",0.0085
2026-07-23 01:30:25,"50+ bps increase",0.008
2026-07-23 01:45:09,"50+ bps increase",0.0075
2026-07-23 02:00:29,"50+ bps increase",0.0075
2026-07-23 02:15:08,"50+ bps increase",0.0075
2026-07-23 02:30:27,"50+ bps increase",0.0075
2026-07-23 02:45:21,"50+ bps increase",0.0075
2026-07-23 03:00:18,"50+ bps increase",0.0075
2026-07-23 03:15:09,"50+ bps increase",0.0075
2026-07-23 03:30:09,"50+ bps increase",0.0075
2026-07-23 03:45:07,"50+ bps increase",0.0075
2026-07-23 04:00:09,"50+ bps increase",0.0075
2026-07-23 04:15:06,"50+ bps increase",0.0075
2026-07-23 04:30:15,"50+ bps increase",0.0075
2026-07-23 04:45:07,"50+ bps increase",0.0075
2026-07-23 05:00:25,"50+ bps increase",0.0075
2026-07-23 05:15:07,"50+ bps increase",0.0075
2026-07-23 05:30:15,"50+ bps increase",0.0065
2026-07-23 05:45:07,"50+ bps increase",0.0065
2026-07-23 06:00:21,"50+ bps increase",0.0065
2026-07-23 06:15:07,"50+ bps increase",0.0065
2026-07-23 06:30:17,"50+ bps increase",0.0065
2026-07-23 06:45:08,"50+ bps increase",0.0065
2026-07-23 07:00:12,"50+ bps increase",0.0065
2026-07-23 07:15:12,"50+ bps increase",0.0065
2026-07-23 07:30:15,"50+ bps increase",0.0065
2026-07-23 07:45:07,"50+ bps increase",0.0065
2026-07-23 08:00:32,"50+ bps increase",0.0065
2026-07-23 08:15:07,"50+ bps increase",0.0065
2026-07-23 08:30:19,"50+ bps increase",0.0065
2026-07-23 08:45:07,"50+ bps increase",0.0065
2026-07-23 09:00:15,"50+ bps increase",0.0075
2026-07-23 09:15:07,"50+ bps increase",0.0075
2026-07-23 09:30:15,"50+ bps increase",0.0075
2026-07-23 09:45:09,"50+ bps increase",0.0075
2026-07-23 10:00:15,"50+ bps increase",0.0075
2026-07-23 10:15:07,"50+ bps increase",0.0075
2026-07-23 10:30:17,"50+ bps increase",0.0075
2026-07-23 10:45:06,"50+ bps increase",0.0075
2026-07-23 11:00:31,"50+ bps increase",0.0075
2026-07-23 11:15:11,"50+ bps increase",0.0075
2026-07-23 11:30:27,"50+ bps increase",0.0075
2026-07-23 11:45:08,"50+ bps increase",0.0075
2026-07-23 12:00:15,"50+ bps increase",0.0075
2026-07-23 12:15:07,"50+ bps increase",0.0065
2026-07-23 12:30:18,"50+ bps increase",0.0065
2026-07-23 12:45:21,"50+ bps increase",0.0065
2026-07-23 13:00:32,"50+ bps increase",0.0065
2026-07-23 13:15:06,"50+ bps increase",0.0065
2026-07-23 13:30:18,"50+ bps increase",0.0065
2026-07-23 13:45:07,"50+ bps increase",0.0065
2026-07-23 14:00:32,"50+ bps increase",0.0065
2026-07-23 14:15:09,"50+ bps increase",0.0065
2026-07-23 14:30:18,"50+ bps increase",0.0065
2026-07-23 14:45:14,"50+ bps increase",0.0065
2026-07-23 15:00:22,"50+ bps increase",0.0065
2026-07-23 15:15:09,"50+ bps increase",0.0065
2026-07-23 15:30:21,"50+ bps increase",0.0065
2026-07-23 15:45:09,"50+ bps increase",0.0065
2026-07-23 16:00:18,"50+ bps increase",0.0065
2026-07-23 16:15:10,"50+ bps increase",0.0065
2026-07-23 16:30:17,"50+ bps increase",0.0065
2026-07-23 16:45:09,"50+ bps increase",0.0065
2026-07-23 17:00:24,"50+ bps increase",0.0065
2026-07-23 17:15:10,"50+ bps increase",0.0065
2026-07-23 17:30:17,"50+ bps increase",0.0065
2026-07-23 17:45:12,"50+ bps increase",0.0065
2026-07-23 18:00:18,"50+ bps increase",0.0065
2026-07-23 18:15:08,"50+ bps increase",0.0065
2026-07-23 18:30:17,"50+ bps increase",0.0065
2026-07-23 18:45:10,"50+ bps increase",0.0065
2026-07-23 19:00:17,"50+ bps increase",0.0075
2026-07-23 19:15:11,"50+ bps increase",0.0075
2026-07-23 19:30:14,"50+ bps increase",0.0075
2026-07-23 19:45:13,"50+ bps increase",0.0075
2026-07-23 20:00:26,"50+ bps increase",0.0065
2026-07-23 20:15:08,"50+ bps increase",0.0065
2026-07-23 20:30:11,"50+ bps increase",0.0065
2026-07-23 20:45:06,"50+ bps increase",0.0065
2026-07-23 21:00:11,"50+ bps increase",0.0065
2026-07-23 21:15:08,"50+ bps increase",0.0065
2026-07-23 21:30:11,"50+ bps increase",0.0065
2026-07-23 21:45:06,"50+ bps increase",0.0065
2026-07-23 22:00:14,"50+ bps increase",0.0065
2026-07-23 22:15:08,"50+ bps increase",0.0065
2026-07-23 22:30:14,"50+ bps increase",0.0065
2026-07-23 22:45:09,"50+ bps increase",0.0065
2026-07-23 23:00:25,"50+ bps increase",0.0065
2026-07-23 23:15:11,"50+ bps increase",0.0065
2026-07-23 23:30:19,"50+ bps increase",0.0065
2026-07-23 23:45:07,"50+ bps increase",0.0065
2026-07-24 00:00:17,"50+ bps increase",0.0065
2026-07-24 00:15:15,"50+ bps increase",0.0065
2026-07-24 00:30:20,"50+ bps increase",0.0065
2026-07-24 00:45:16,"50+ bps increase",0.0065
2026-07-24 01:00:29,"50+ bps increase",0.0065
2026-07-24 01:15:16,"50+ bps increase",0.0065
2026-07-24 01:30:18,"50+ bps increase",0.0065
2026-07-24 01:45:16,"50+ bps increase",0.0065
2026-07-24 02:00:26,"50+ bps increase",0.0065
2026-07-24 02:15:15,"50+ bps increase",0.0065
2026-07-24 02:45:06,"50+ bps increase",0.0065
2026-07-24 03:00:13,"50+ bps increase",0.0065
2026-07-24 03:15:07,"50+ bps increase",0.0065
2026-07-24 03:30:16,"50+ bps increase",0.0065
2026-07-24 03:45:08,"50+ bps increase",0.0065
2026-07-24 04:00:17,"50+ bps increase",0.0065
2026-07-24 04:15:07,"50+ bps increase",0.0065
2026-07-24 04:30:13,"50+ bps increase",0.0055
2026-07-24 04:45:09,"50+ bps increase",0.0055
2026-07-24 05:00:26,"50+ bps increase",0.0055
2026-07-24 05:15:06,"50+ bps increase",0.0055
2026-07-24 05:30:25,"50+ bps increase",0.0055
2026-07-24 05:45:06,"50+ bps increase",0.0055
2026-07-24 06:00:24,"50+ bps increase",0.0055
2026-07-24 06:15:10,"50+ bps increase",0.0055
2026-07-24 06:30:19,"50+ bps increase",0.0055
2026-07-24 06:45:06,"50+ bps increase",0.0055
2026-07-24 07:00:17,"50+ bps increase",0.0055
2026-07-24 07:15:06,"50+ bps increase",0.0055
2026-07-24 07:30:22,"50+ bps increase",0.0055
2026-07-24 07:45:06,"50+ bps increase",0.0055
2026-07-24 08:00:44,"50+ bps increase",0.0055
2026-07-24 08:15:07,"50+ bps increase",0.0055
2026-07-24 08:30:21,"50+ bps increase",0.0055
2026-07-24 08:45:06,"50+ bps increase",0.0055
2026-07-24 09:00:27,"50+ bps increase",0.0055
2026-07-24 09:15:08,"50+ bps increase",0.0055
2026-07-24 09:30:25,"50+ bps increase",0.0055
2026-07-24 09:45:07,"50+ bps increase",0.0055
2026-07-24 10:00:22,"50+ bps increase",0.0055
2026-07-24 10:15:06,"50+ bps increase",0.0065
2026-07-24 10:30:29,"50+ bps increase",0.0065
2026-07-24 10:45:07,"50+ bps increase",0.0065
2026-07-24 11:00:40,"50+ bps increase",0.0065
2026-07-24 11:15:07,"50+ bps increase",0.0065
2026-07-24 11:30:21,"50+ bps increase",0.0065
2026-07-24 11:45:09,"50+ bps increase",0.0065
2026-07-24 12:00:27,"50+ bps increase",0.0065
2026-07-24 12:15:09,"50+ bps increase",0.0065
2026-07-24 12:30:15,"50+ bps increase",0.0065
2026-07-24 12:45:08,"50+ bps increase",0.0065
2026-07-24 13:00:19,"50+ bps increase",0.0065
2026-07-24 13:15:09,"50+ bps increase",0.0065
2026-07-24 13:30:25,"50+ bps increase",0.0065
2026-07-24 13:45:08,"50+ bps increase",0.0065
2026-07-24 14:00:34,"50+ bps increase",0.0065
2026-07-24 14:15:09,"50+ bps increase",0.0065
2026-07-24 14:30:13,"50+ bps increase",0.0065
2026-07-24 14:45:06,"50+ bps increase",0.0065
2026-07-24 15:00:25,"50+ bps increase",0.0065
2026-07-24 15:15:10,"50+ bps increase",0.0065
2026-07-24 15:45:09,"50+ bps increase",0.0065
2026-07-24 16:00:25,"50+ bps increase",0.0065
2026-07-24 16:15:09,"50+ bps increase",0.0065
2026-07-24 16:30:50,"50+ bps increase",0.0065
2026-07-24 16:45:08,"50+ bps increase",0.0065
2026-07-24 17:00:38,"50+ bps increase",0.0065
2026-07-24 17:15:09,"50+ bps increase",0.0065
2026-07-24 17:30:22,"50+ bps increase",0.0065
2026-07-24 17:45:08,"50+ bps increase",0.0065
2026-07-24 18:00:23,"50+ bps increase",0.0065
2026-07-24 18:15:08,"50+ bps increase",0.0065
2026-07-24 18:30:25,"50+ bps increase",0.0065
2026-07-24 18:45:08,"50+ bps increase",0.0065
2026-07-24 19:00:22,"50+ bps increase",0.0065
2026-07-24 19:15:09,"50+ bps increase",0.0065
2026-07-24 19:30:20,"50+ bps increase",0.0065
2026-07-24 19:45:12,"50+ bps increase",0.0065
2026-07-24 20:00:42,"50+ bps increase",0.0065
2026-07-24 20:15:09,"50+ bps increase",0.0065
2026-07-24 20:30:23,"50+ bps increase",0.0065
2026-07-24 20:45:12,"50+ bps increase",0.0065
2026-07-24 21:00:22,"50+ bps increase",0.0065
2026-07-24 21:15:08,"50+ bps increase",0.0065
2026-07-24 21:30:17,"50+ bps increase",0.0065
2026-07-24 21:45:07,"50+ bps increase",0.0065
2026-07-24 22:00:23,"50+ bps increase",0.0065
2026-07-24 22:15:07,"50+ bps increase",0.0065
2026-07-24 22:30:32,"50+ bps increase",0.0065
2026-07-24 22:45:06,"50+ bps increase",0.0065
2026-07-24 23:00:33,"50+ bps increase",0.0065
2026-07-24 23:15:08,"50+ bps increase",0.0065
2026-07-24 23:30:19,"50+ bps increase",0.0065
2026-07-24 23:45:08,"50+ bps increase",0.0065
2026-07-25 00:00:30,"50+ bps increase",0.0065
2026-07-25 00:15:09,"50+ bps increase",0.0065
2026-07-25 00:30:29,"50+ bps increase",0.0065
2026-07-25 00:45:10,"50+ bps increase",0.0065
2026-07-25 01:00:31,"50+ bps increase",0.0065
2026-07-25 01:15:15,"50+ bps increase",0.0065
2026-07-25 01:30:52,"50+ bps increase",0.0075
2026-07-25 01:45:10,"50+ bps increase",0.0075
2026-07-25 02:00:50,"50+ bps increase",0.0075
2026-07-25 02:15:09,"50+ bps increase",0.0075
2026-07-25 02:30:20,"50+ bps increase",0.0075
2026-07-25 02:45:12,"50+ bps increase",0.0075
2026-07-25 03:00:59,"50+ bps increase",0.0075
2026-07-25 03:15:09,"50+ bps increase",0.0075
2026-07-25 03:30:20,"50+ bps increase",0.0075
2026-07-25 03:45:10,"50+ bps increase",0.0065
2026-07-25 04:00:39,"50+ bps increase",0.0065
2026-07-25 04:15:08,"50+ bps increase",0.0065
2026-07-25 04:30:21,"50+ bps increase",0.0065
2026-07-25 04:45:23,"50+ bps increase",0.0065
2026-07-25 05:00:38,"50+ bps increase",0.0065
2026-07-25 05:15:07,"50+ bps increase",0.0065
2026-07-25 05:30:30,"50+ bps increase",0.0065
2026-07-25 05:45:21,"50+ bps increase",0.0065
2026-07-25 06:00:22,"50+ bps increase",0.0065
2026-07-25 06:15:08,"50+ bps increase",0.0065
2026-07-25 06:30:37,"50+ bps increase",0.0065
2026-07-25 06:45:09,"50+ bps increase",0.0065
2026-07-25 07:00:17,"50+ bps increase",0.0065
2026-07-25 07:15:14,"50+ bps increase",0.0065
2026-07-25 07:30:40,"50+ bps increase",0.0065
2026-07-25 07:45:09,"50+ bps increase",0.0065
2026-07-25 08:15:06,"50+ bps increase",0.0065
2026-07-25 08:30:17,"50+ bps increase",0.0075
2026-07-25 08:45:08,"50+ bps increase",0.0075
2026-07-25 09:00:34,"50+ bps increase",0.0075
2026-07-25 09:15:08,"50+ bps increase",0.0075
2026-07-25 09:30:24,"50+ bps increase",0.0075
2026-07-25 09:45:10,"50+ bps increase",0.0075
2026-07-25 10:00:29,"50+ bps increase",0.0075
2026-07-25 10:15:08,"50+ bps increase",0.0075
2026-07-25 10:30:23,"50+ bps increase",0.0075
2026-07-25 10:45:08,"50+ bps increase",0.0075
2026-07-25 11:00:54,"50+ bps increase",0.0075
2026-07-25 11:15:09,"50+ bps increase",0.0075
2026-07-25 11:30:22,"50+ bps increase",0.0075
2026-07-25 11:45:09,"50+ bps increase",0.0075
2026-07-25 12:00:22,"50+ bps increase",0.0075
2026-07-25 12:15:22,"50+ bps increase",0.0075
2026-07-25 12:30:27,"50+ bps increase",0.0075
2026-07-25 12:45:09,"50+ bps increase",0.0075
2026-07-25 13:00:39,"50+ bps increase",0.0075
2026-07-25 13:15:08,"50+ bps increase",0.0075
2026-07-25 13:30:26,"50+ bps increase",0.0075
2026-07-25 13:45:09,"50+ bps increase",0.0075
2026-07-25 14:00:47,"50+ bps increase",0.0075
2026-07-25 14:15:13,"50+ bps increase",0.0075
2026-07-25 14:30:23,"50+ bps increase",0.0075
2026-07-25 14:45:10,"50+ bps increase",0.0075
2026-07-25 15:00:23,"50+ bps increase",0.0075
2026-07-25 15:15:07,"50+ bps increase",0.0075
2026-07-25 15:30:38,"50+ bps increase",0.0075
2026-07-25 15:45:09,"50+ bps increase",0.0075
2026-07-25 16:00:32,"50+ bps increase",0.0085
2026-07-25 16:15:08,"50+ bps increase",0.0075
2026-07-25 16:30:21,"50+ bps increase",0.0075
2026-07-25 16:45:07,"50+ bps increase",0.0075
2026-07-25 17:15:07,"50+ bps increase",0.0075
2026-07-25 17:30:19,"50+ bps increase",0.0075
2026-07-25 17:45:07,"50+ bps increase",0.0075
2026-07-25 18:00:31,"50+ bps increase",0.0075
2026-07-25 18:15:24,"50+ bps increase",0.0075
2026-07-25 18:30:24,"50+ bps increase",0.0075
2026-07-25 18:45:08,"50+ bps increase",0.0075
2026-07-25 19:00:56,"50+ bps increase",0.0075
2026-07-25 19:15:07,"50+ bps increase",0.0075
2026-07-25 19:30:23,"50+ bps increase",0.0075
2026-07-25 19:45:08,"50+ bps increase",0.0075
2026-07-25 20:00:38,"50+ bps increase",0.0065
2026-07-25 20:15:08,"50+ bps increase",0.0065
2026-07-25 20:30:16,"50+ bps increase",0.0065
2026-07-25 20:45:06,"50+ bps increase",0.0065
2026-07-25 21:00:17,"50+ bps increase",0.0065
2026-07-25 21:15:07,"50+ bps increase",0.0065
2026-07-25 21:30:18,"50+ bps increase",0.0065
2026-07-25 21:45:06,"50+ bps increase",0.0065
2026-07-25 22:00:23,"50+ bps increase",0.0065
2026-07-25 22:15:06,"50+ bps increase",0.0065
2026-07-25 22:30:17,"50+ bps increase",0.0065
2026-07-25 22:45:07,"50+ bps increase",0.0065
2026-07-25 23:00:50,"50+ bps increase",0.0065
2026-07-25 23:15:16,"50+ bps increase",0.0065
2026-07-25 23:30:55,"50+ bps increase",0.0075
2026-07-25 23:45:17,"50+ bps increase",0.0075
2026-07-26 00:00:32,"50+ bps increase",0.0065
2026-07-26 00:15:20,"50+ bps increase",0.0065
2026-07-26 00:30:21,"50+ bps increase",0.0065
2026-07-26 00:45:08,"50+ bps increase",0.0065
2026-07-26 01:00:27,"50+ bps increase",0.0065
2026-07-26 01:15:12,"50+ bps increase",0.0065
2026-07-26 01:30:27,"50+ bps increase",0.0065
2026-07-26 01:45:13,"50+ bps increase",0.0065
2026-07-26 02:00:49,"50+ bps increase",0.0065
2026-07-26 02:15:08,"50+ bps increase",0.0065
2026-07-26 02:45:27,"50+ bps increase",0.0065
2026-07-26 03:00:51,"50+ bps increase",0.0065
2026-07-26 03:15:08,"50+ bps increase",0.0065
2026-07-26 03:30:29,"50+ bps increase",0.0065
2026-07-26 03:45:09,"50+ bps increase",0.0065
2026-07-26 04:00:19,"50+ bps increase",0.0065
2026-07-26 04:15:15,"50+ bps increase",0.0065
2026-07-26 04:30:26,"50+ bps increase",0.0065
2026-07-26 04:45:09,"50+ bps increase",0.0065
2026-07-26 05:00:26,"50+ bps increase",0.0065
2026-07-26 05:15:09,"50+ bps increase",0.0065
2026-07-26 05:30:22,"50+ bps increase",0.0065
2026-07-26 05:45:29,"50+ bps increase",0.0065
2026-07-26 06:00:30,"50+ bps increase",0.0065
2026-07-26 06:15:09,"50+ bps increase",0.0065
2026-07-26 06:30:54,"50+ bps increase",0.0065
2026-07-26 06:45:08,"50+ bps increase",0.0065
2026-07-26 07:00:16,"50+ bps increase",0.0065
2026-07-26 07:15:06,"50+ bps increase",0.0065
2026-07-26 07:30:27,"50+ bps increase",0.0065
2026-07-26 07:45:06,"50+ bps increase",0.0065
2026-07-26 08:00:52,"50+ bps increase",0.0065
2026-07-26 08:15:06,"50+ bps increase",0.0065
2026-07-26 08:30:38,"50+ bps increase",0.0065
2026-07-26 08:45:06,"50+ bps increase",0.0065
2026-07-26 09:00:18,"50+ bps increase",0.0065
2026-07-26 09:15:14,"50+ bps increase",0.0065
2026-07-26 09:30:16,"50+ bps increase",0.0065
2026-07-26 09:45:24,"50+ bps increase",0.0065
2026-07-26 10:00:32,"50+ bps increase",0.0065
2026-07-26 10:15:06,"50+ bps increase",0.0065
2026-07-26 10:30:32,"50+ bps increase",0.0065
2026-07-26 10:45:06,"50+ bps increase",0.0065
2026-07-26 11:15:08,"50+ bps increase",0.0065
2026-07-26 11:30:28,"50+ bps increase",0.0065
2026-07-26 11:45:08,"50+ bps increase",0.0065
2026-07-26 12:00:28,"50+ bps increase",0.0065
2026-07-26 12:15:07,"50+ bps increase",0.0065
2026-07-26 12:30:28,"50+ bps increase",0.0065
2026-07-26 12:45:13,"50+ bps increase",0.0065
2026-07-26 13:00:43,"50+ bps increase",0.0065
2026-07-26 13:15:09,"50+ bps increase",0.0065
2026-07-26 13:30:26,"50+ bps increase",0.0065
2026-07-26 13:45:06,"50+ bps increase",0.0065
2026-07-26 14:00:43,"50+ bps increase",0.0065
2026-07-26 14:15:06,"50+ bps increase",0.0065
2026-07-26 14:30:34,"50+ bps increase",0.0065
2026-07-26 14:45:20,"50+ bps increase",0.0065
2026-07-26 15:00:36,"50+ bps increase",0.0065
2026-07-26 15:15:13,"50+ bps increase",0.0065
2026-07-26 15:30:35,"50+ bps increase",0.0065
2026-07-26 15:45:09,"50+ bps increase",0.0065
2026-07-26 16:00:47,"50+ bps increase",0.0065
2026-07-26 16:15:19,"50+ bps increase",0.0065
2026-07-26 16:30:41,"50+ bps increase",0.0065
2026-07-26 16:45:09,"50+ bps increase",0.0065
2026-07-26 17:15:08,"50+ bps increase",0.0065
2026-07-26 17:30:33,"50+ bps increase",0.0065
2026-07-26 17:45:08,"50+ bps increase",0.0055
2026-07-26 18:00:20,"50+ bps increase",0.0065
2026-07-26 18:15:08,"50+ bps increase",0.0075
2026-07-26 18:30:26,"50+ bps increase",0.007
2026-07-26 18:45:10,"50+ bps increase",0.007
2026-07-26 19:00:29,"50+ bps increase",0.007
2026-07-26 19:15:08,"50+ bps increase",0.0065
2026-07-26 19:30:28,"50+ bps increase",0.0065
2026-07-26 19:45:09,"50+ bps increase",0.0065
2026-07-26 20:00:52,"50+ bps increase",0.0065
2026-07-26 20:15:07,"50+ bps increase",0.0065
2026-07-26 20:30:26,"50+ bps increase",0.0065
2026-07-26 20:45:19,"50+ bps increase",0.0065
2026-07-26 21:00:26,"50+ bps increase",0.0065
2026-07-26 21:15:07,"50+ bps increase",0.0065
2026-07-26 21:30:16,"50+ bps increase",0.0065
2026-07-26 21:45:06,"50+ bps increase",0.0065
2026-07-26 22:00:17,"50+ bps increase",0.0065
2026-07-26 22:15:07,"50+ bps increase",0.0065
2026-07-26 22:30:19,"50+ bps increase",0.0065
2026-07-26 22:45:06,"50+ bps increase",0.0065
2026-07-26 23:00:39,"50+ bps increase",0.0065
2026-07-26 23:15:09,"50+ bps increase",0.0065
2026-07-26 23:30:21,"50+ bps increase",0.0065
2026-07-26 23:45:06,"50+ bps increase",0.0065
2026-07-27 00:00:30,"50+ bps increase",0.0065
2026-07-27 00:15:19,"50+ bps increase",0.0065
2026-07-27 00:30:31,"50+ bps increase",0.0065
2026-07-27 00:45:10,"50+ bps increase",0.0065
2026-07-27 01:00:23,"50+ bps increase",0.0065
2026-07-27 01:15:08,"50+ bps increase",0.0065
2026-07-27 01:30:26,"50+ bps increase",0.0065
2026-07-27 01:45:06,"50+ bps increase",0.0065
2026-07-27 02:00:50,"50+ bps increase",0.0065
2026-07-27 02:15:07,"50+ bps increase",0.0065
2026-07-27 02:30:22,"50+ bps increase",0.0065
2026-07-27 02:45:06,"50+ bps increase",0.0065
2026-07-27 03:00:27,"50+ bps increase",0.0065
2026-07-27 03:15:07,"50+ bps increase",0.0065
2026-07-27 03:30:29,"50+ bps increase",0.0065
2026-07-27 03:45:07,"50+ bps increase",0.0065
2026-07-27 04:00:28,"50+ bps increase",0.0065
2026-07-27 04:15:09,"50+ bps increase",0.0065
2026-07-27 04:30:38,"50+ bps increase",0.0065
2026-07-27 04:45:05,"50+ bps increase",0.0065
2026-07-27 05:00:33,"50+ bps increase",0.0065
2026-07-27 05:15:06,"50+ bps increase",0.0065
2026-07-27 05:30:29,"50+ bps increase",0.0065
2026-07-27 05:45:05,"50+ bps increase",0.0065
2026-07-27 06:00:31,"50+ bps increase",0.0065
2026-07-27 06:15:08,"50+ bps increase",0.0065
2026-07-27 06:30:16,"50+ bps increase",0.0065
2026-07-27 06:45:06,"50+ bps increase",0.0065
2026-07-27 07:00:22,"50+ bps increase",0.0065
2026-07-27 07:15:06,"50+ bps increase",0.0065
2026-07-27 07:30:31,"50+ bps increase",0.0065
2026-07-27 07:45:06,"50+ bps increase",0.0065
2026-07-27 08:00:51,"50+ bps increase",0.0065
2026-07-27 08:15:06,"50+ bps increase",0.0065
2026-07-27 08:30:32,"50+ bps increase",0.0065
2026-07-27 08:45:06,"50+ bps increase",0.0065
2026-07-27 09:00:32,"50+ bps increase",0.0065
2026-07-27 09:15:06,"50+ bps increase",0.0065
2026-07-27 09:30:31,"50+ bps increase",0.0065
2026-07-27 09:45:08,"50+ bps increase",0.0065
2026-07-27 10:00:29,"50+ bps increase",0.0055
2026-07-27 10:15:08,"50+ bps increase",0.0055
2026-07-27 10:30:32,"50+ bps increase",0.0055
2026-07-27 10:45:07,"50+ bps increase",0.0055
2026-07-27 11:00:43,"50+ bps increase",0.0065
2026-07-27 11:15:06,"50+ bps increase",0.0055
2026-07-27 11:30:36,"50+ bps increase",0.0055
2026-07-27 11:45:07,"50+ bps increase",0.0055
2026-07-27 12:00:30,"50+ bps increase",0.0055
2026-07-27 12:15:07,"50+ bps increase",0.0055
2026-07-27 12:30:25,"50+ bps increase",0.0055
2026-07-27 12:45:06,"50+ bps increase",0.0055
2026-07-27 13:00:38,"50+ bps increase",0.0055
2026-07-27 13:15:18,"50+ bps increase",0.0055
2026-07-27 13:30:19,"50+ bps increase",0.0055
2026-07-27 13:45:06,"50+ bps increase",0.0055
2026-07-27 14:00:38,"50+ bps increase",0.0055
2026-07-27 14:15:06,"50+ bps increase",0.0055
2026-07-27 14:30:34,"50+ bps increase",0.0055
2026-07-27 14:45:08,"50+ bps increase",0.0055
2026-07-27 15:00:36,"50+ bps increase",0.0055
2026-07-27 15:15:18,"50+ bps increase",0.0055
2026-07-27 15:30:30,"50+ bps increase",0.0055
2026-07-27 15:45:07,"50+ bps increase",0.0055
2026-07-27 16:00:37,"50+ bps increase",0.0055
2026-07-27 16:15:10,"50+ bps increase",0.0055
2026-07-27 16:30:34,"50+ bps increase",0.0055
2026-07-27 16:45:06,"50+ bps increase",0.0055
2026-07-27 17:00:36,"50+ bps increase",0.0055
2026-07-27 17:15:06,"50+ bps increase",0.0055
2026-07-27 17:30:27,"50+ bps increase",0.0055
2026-07-27 17:45:06,"50+ bps increase",0.0055
2026-07-27 18:00:32,"50+ bps increase",0.0055
2026-07-27 18:15:06,"50+ bps increase",0.0055
2026-07-27 18:30:29,"50+ bps increase",0.0055
2026-07-27 18:45:06,"50+ bps increase",0.0055
2026-07-27 19:00:37,"50+ bps increase",0.0055
2026-07-27 19:15:08,"50+ bps increase",0.0055
2026-07-27 19:30:30,"50+ bps increase",0.0055
2026-07-27 19:45:08,"50+ bps increase",0.0055
2026-07-27 20:00:48,"50+ bps increase",0.0065
2026-07-27 20:15:08,"50+ bps increase",0.0055
2026-07-27 20:30:19,"50+ bps increase",0.0055
2026-07-27 20:45:06,"50+ bps increase",0.0055
2026-07-27 21:00:21,"50+ bps increase",0.0055
2026-07-27 21:15:06,"50+ bps increase",0.0055
2026-07-27 21:30:19,"50+ bps increase",0.0055
2026-07-27 21:45:08,"50+ bps increase",0.0055
2026-07-27 22:00:21,"50+ bps increase",0.0055
2026-07-27 22:15:23,"50+ bps increase",0.0055
2026-07-27 22:30:18,"50+ bps increase",0.0055
2026-07-27 22:45:08,"50+ bps increase",0.0055
2026-07-27 23:15:09,"50+ bps increase",0.0055
2026-07-27 23:30:51,"50+ bps increase",0.0055
2026-07-27 23:45:07,"50+ bps increase",0.0055
2026-07-28 00:00:55,"50+ bps increase",0.0055
2026-07-28 00:15:09,"50+ bps increase",0.0055
2026-07-28 00:30:35,"50+ bps increase",0.0055
2026-07-28 00:45:09,"50+ bps increase",0.0055
2026-07-28 01:00:50,"50+ bps increase",0.0055
2026-07-28 01:15:10,"50+ bps increase",0.0055
2026-07-28 01:30:42,"50+ bps increase",0.0055
2026-07-28 01:45:08,"50+ bps increase",0.0055
2026-07-28 02:00:54,"50+ bps increase",0.0055
2026-07-28 02:15:09,"50+ bps increase",0.0055
2026-07-28 02:30:38,"50+ bps increase",0.0055
2026-07-28 02:45:06,"50+ bps increase",0.0055
2026-07-28 03:00:44,"50+ bps increase",0.0055
2026-07-28 03:15:18,"50+ bps increase",0.0055
2026-07-28 03:30:49,"50+ bps increase",0.0055
2026-07-28 03:45:10,"50+ bps increase",0.0055
2026-07-28 04:00:33,"50+ bps increase",0.0055
2026-07-28 04:15:09,"50+ bps increase",0.0055
2026-07-28 04:30:51,"50+ bps increase",0.0055
2026-07-28 05:30:10,"50+ bps increase",0.0055
2026-07-28 05:45:07,"50+ bps increase",0.0055
2026-07-28 06:00:44,"50+ bps increase",0.0055
2026-07-28 06:15:06,"50+ bps increase",0.0055
2026-07-28 06:30:35,"50+ bps increase",0.0055
2026-07-28 06:45:07,"50+ bps increase",0.0055
2026-07-28 07:00:45,"50+ bps increase",0.0055
2026-07-28 07:15:08,"50+ bps increase",0.0055
2026-07-28 07:30:44,"50+ bps increase",0.0055
2026-07-28 07:45:20,"50+ bps increase",0.0055
2026-07-28 08:15:06,"50+ bps increase",0.0055
2026-07-28 08:30:38,"50+ bps increase",0.0055
2026-07-28 08:45:09,"50+ bps increase",0.0055
2026-07-28 09:00:41,"50+ bps increase",0.0055
2026-07-28 09:15:09,"50+ bps increase",0.0055
2026-07-28 09:30:49,"50+ bps increase",0.0055
2026-07-28 09:45:09,"50+ bps increase",0.0055
2026-07-28 10:00:38,"50+ bps increase",0.0055
2026-07-28 10:15:06,"50+ bps increase",0.0055
2026-07-28 10:30:42,"50+ bps increase",0.0055
2026-07-28 10:45:08,"50+ bps increase",0.0055
2026-07-28 11:00:51,"50+ bps increase",0.0055
2026-07-28 11:15:08,"50+ bps increase",0.0055
2026-07-28 11:30:38,"50+ bps increase",0.0055
2026-07-28 11:45:10,"50+ bps increase",0.0055
2026-07-28 12:00:44,"50+ bps increase",0.0045
2026-07-28 12:15:09,"50+ bps increase",0.0045
2026-07-28 12:30:43,"50+ bps increase",0.0045
2026-07-28 12:45:10,"50+ bps increase",0.0045
2026-07-28 13:00:39,"50+ bps increase",0.0045
2026-07-28 13:15:10,"50+ bps increase",0.0035
2026-07-28 13:30:50,"50+ bps increase",0.0035
2026-07-28 13:45:12,"50+ bps increase",0.0035
2026-07-28 14:00:46,"50+ bps increase",0.0035
2026-07-28 14:15:10,"50+ bps increase",0.0035
2026-07-28 14:30:42,"50+ bps increase",0.0035
2026-07-28 14:45:10,"50+ bps increase",0.0025
2026-07-28 15:00:55,"50+ bps increase",0.0025
2026-07-28 15:15:09,"50+ bps increase",0.0025
2026-07-28 15:30:45,"50+ bps increase",0.0025
2026-07-28 15:45:28,"50+ bps increase",0.0025
2026-07-28 16:00:58,"50+ bps increase",0.0025
2026-07-28 16:15:32,"50+ bps increase",0.0025
2026-07-28 16:45:11,"50+ bps increase",0.0025
2026-07-28 17:15:17,"50+ bps increase",0.0025
2026-07-28 17:45:22,"50+ bps increase",0.0025
2026-07-28 18:15:21,"50+ bps increase",0.0025
2026-07-28 18:45:22,"50+ bps increase",0.0025
2026-07-28 19:15:58,"50+ bps increase",0.0025
2026-07-28 20:15:12,"50+ bps increase",0.0025
2026-07-28 20:30:58,"50+ bps increase",0.0025
2026-07-28 20:45:11,"50+ bps increase",0.0025
2026-07-28 21:00:54,"50+ bps increase",0.0025
2026-07-28 21:15:14,"50+ bps increase",0.0035
2026-07-28 21:30:49,"50+ bps increase",0.0035
2026-07-28 21:45:13,"50+ bps increase",0.0035
2026-07-28 22:15:14,"50+ bps increase",0.0035
2026-07-28 22:30:59,"50+ bps increase",0.0035
2026-07-28 22:45:20,"50+ bps increase",0.0035
2026-07-28 23:15:26,"50+ bps increase",0.0035
2026-07-28 23:45:35,"50+ bps increase",0.0035
2026-07-29 00:00:47,"50+ bps increase",0.0035
2026-07-29 00:15:32,"50+ bps increase",0.0035
2026-07-29 00:45:24,"50+ bps increase",0.0035
2026-07-29 01:15:24,"50+ bps increase",0.0035
2026-07-29 01:45:19,"50+ bps increase",0.0035
2026-07-29 02:15:21,"50+ bps increase",0.0035
2026-07-29 02:30:57,"50+ bps increase",0.0035
2026-07-29 02:45:32,"50+ bps increase",0.0035
2026-07-29 03:15:36,"50+ bps increase",0.0035
2026-07-29 03:45:22,"50+ bps increase",0.0035
2026-07-29 04:00:54,"50+ bps increase",0.0035
2026-07-29 04:15:25,"50+ bps increase",0.0025
2026-07-29 04:30:49,"50+ bps increase",0.003
2026-07-29 04:45:29,"50+ bps increase",0.003
2026-07-29 05:00:59,"50+ bps increase",0.0025
2026-07-29 05:15:18,"50+ bps increase",0.0025
2026-07-29 05:30:50,"50+ bps increase",0.0025
2026-07-29 05:45:26,"50+ bps increase",0.0025
2026-07-29 06:00:44,"50+ bps increase",0.0025
2026-07-29 06:15:15,"50+ bps increase",0.0025
2026-07-29 06:30:41,"50+ bps increase",0.0025
2026-07-29 06:45:20,"50+ bps increase",0.0025
2026-07-29 07:00:55,"50+ bps increase",0.0025
2026-07-29 07:15:28,"50+ bps increase",0.0025
2026-07-29 07:30:41,"50+ bps increase",0.0025
2026-07-29 07:45:26,"50+ bps increase",0.0025
2026-07-29 08:15:24,"50+ bps increase",0.0025
2026-07-29 08:30:49,"50+ bps increase",0.0035
2026-07-29 08:45:29,"50+ bps increase",0.0035
2026-07-29 09:00:48,"50+ bps increase",0.0035
2026-07-29 09:15:19,"50+ bps increase",0.0035
2026-07-29 09:30:42,"50+ bps increase",0.0035
2026-07-29 09:45:25,"50+ bps increase",0.0035
2026-07-29 10:00:54,"50+ bps increase",0.0035
2026-07-29 10:15:18,"50+ bps increase",0.0035
2026-07-29 10:30:51,"50+ bps increase",0.0035
2026-07-29 10:45:13,"50+ bps increase",0.0035
2026-07-29 11:15:45,"50+ bps increase",0.0025
2026-07-29 12:45:32,"50+ bps increase",0.0065
2026-07-29 13:15:27,"50+ bps increase",0.0055
2026-07-29 13:30:54,"50+ bps increase",0.0045
2026-07-22 09:00:05,"25 bps decrease",0.0035
2026-07-22 09:15:04,"25 bps decrease",0.0035
2026-07-22 09:30:04,"25 bps decrease",0.0035
2026-07-22 09:45:06,"25 bps decrease",0.0035
2026-07-22 10:00:04,"25 bps decrease",0.0035
2026-07-22 10:15:06,"25 bps decrease",0.0035
2026-07-22 10:30:04,"25 bps decrease",0.0035
2026-07-22 10:45:06,"25 bps decrease",0.0035
2026-07-22 11:00:06,"25 bps decrease",0.0035
2026-07-22 11:15:05,"25 bps decrease",0.0035
2026-07-22 11:30:21,"25 bps decrease",0.0035
2026-07-22 11:45:04,"25 bps decrease",0.0035
2026-07-22 12:00:05,"25 bps decrease",0.0035
2026-07-22 12:15:06,"25 bps decrease",0.0035
2026-07-22 12:30:05,"25 bps decrease",0.0035
2026-07-22 12:45:05,"25 bps decrease",0.0035
2026-07-22 13:00:06,"25 bps decrease",0.0035
2026-07-22 13:15:05,"25 bps decrease",0.0035
2026-07-22 13:30:05,"25 bps decrease",0.0035
2026-07-22 13:45:05,"25 bps decrease",0.0035
2026-07-22 14:00:05,"25 bps decrease",0.0035
2026-07-22 14:15:05,"25 bps decrease",0.0035
2026-07-22 14:30:06,"25 bps decrease",0.0035
2026-07-22 14:45:06,"25 bps decrease",0.0035
2026-07-22 15:00:04,"25 bps decrease",0.0035
2026-07-22 15:15:06,"25 bps decrease",0.0035
2026-07-22 15:30:06,"25 bps decrease",0.0035
2026-07-22 15:45:06,"25 bps decrease",0.0035
2026-07-22 16:00:07,"25 bps decrease",0.0035
2026-07-22 16:15:06,"25 bps decrease",0.0035
2026-07-22 16:30:06,"25 bps decrease",0.0035
2026-07-22 16:45:06,"25 bps decrease",0.0035
2026-07-22 17:00:06,"25 bps decrease",0.0035
2026-07-22 17:15:06,"25 bps decrease",0.0035
2026-07-22 17:30:06,"25 bps decrease",0.0035
2026-07-22 17:45:07,"25 bps decrease",0.0035
2026-07-22 18:00:06,"25 bps decrease",0.0035
2026-07-22 18:15:06,"25 bps decrease",0.0035
2026-07-22 18:30:05,"25 bps decrease",0.0035
2026-07-22 18:45:06,"25 bps decrease",0.0035
2026-07-22 19:00:06,"25 bps decrease",0.0035
2026-07-22 19:15:06,"25 bps decrease",0.0035
2026-07-22 19:30:06,"25 bps decrease",0.0035
2026-07-22 19:45:06,"25 bps decrease",0.0035
2026-07-22 20:00:07,"25 bps decrease",0.0035
2026-07-22 20:15:06,"25 bps decrease",0.0035
2026-07-22 20:30:06,"25 bps decrease",0.0035
2026-07-22 20:45:06,"25 bps decrease",0.0035
2026-07-22 21:00:20,"25 bps decrease",0.0035
2026-07-22 21:15:06,"25 bps decrease",0.0035
2026-07-22 21:30:06,"25 bps decrease",0.0035
2026-07-22 21:45:06,"25 bps decrease",0.0035
2026-07-22 22:00:06,"25 bps decrease",0.0035
2026-07-22 22:15:06,"25 bps decrease",0.0035
2026-07-22 22:30:06,"25 bps decrease",0.0035
2026-07-22 22:45:06,"25 bps decrease",0.0035
2026-07-22 23:00:06,"25 bps decrease",0.0035
2026-07-22 23:15:06,"25 bps decrease",0.0035
2026-07-22 23:30:06,"25 bps decrease",0.0035
2026-07-22 23:45:06,"25 bps decrease",0.0035
2026-07-23 00:00:08,"25 bps decrease",0.0035
2026-07-23 00:15:06,"25 bps decrease",0.0035
2026-07-23 00:30:06,"25 bps decrease",0.0035
2026-07-23 00:45:07,"25 bps decrease",0.0035
2026-07-23 01:00:07,"25 bps decrease",0.0035
2026-07-23 01:15:06,"25 bps decrease",0.0035
2026-07-23 01:30:07,"25 bps decrease",0.0035
2026-07-23 01:45:06,"25 bps decrease",0.0035
2026-07-23 02:00:07,"25 bps decrease",0.0035
2026-07-23 02:15:06,"25 bps decrease",0.0035
2026-07-23 02:30:17,"25 bps decrease",0.0035
2026-07-23 02:45:20,"25 bps decrease",0.0035
2026-07-23 03:00:07,"25 bps decrease",0.0035
2026-07-23 03:15:07,"25 bps decrease",0.0035
2026-07-23 03:30:06,"25 bps decrease",0.0035
2026-07-23 03:45:06,"25 bps decrease",0.0035
2026-07-23 04:00:04,"25 bps decrease",0.0035
2026-07-23 04:15:04,"25 bps decrease",0.0035
2026-07-23 04:30:05,"25 bps decrease",0.0035
2026-07-23 04:45:06,"25 bps decrease",0.0035
2026-07-23 05:00:04,"25 bps decrease",0.0035
2026-07-23 05:15:05,"25 bps decrease",0.0035
2026-07-23 05:30:04,"25 bps decrease",0.0035
2026-07-23 05:45:06,"25 bps decrease",0.0035
2026-07-23 06:00:04,"25 bps decrease",0.0035
2026-07-23 06:15:06,"25 bps decrease",0.0035
2026-07-23 06:30:07,"25 bps decrease",0.0035
2026-07-23 06:45:06,"25 bps decrease",0.0035
2026-07-23 07:00:04,"25 bps decrease",0.0035
2026-07-23 07:15:05,"25 bps decrease",0.0035
2026-07-23 07:30:07,"25 bps decrease",0.0035
2026-07-23 07:45:06,"25 bps decrease",0.0035
2026-07-23 08:00:08,"25 bps decrease",0.0035
2026-07-23 08:15:06,"25 bps decrease",0.0035
2026-07-23 08:30:06,"25 bps decrease",0.0035
2026-07-23 08:45:04,"25 bps decrease",0.0035
2026-07-23 09:00:05,"25 bps decrease",0.0035
2026-07-23 09:15:06,"25 bps decrease",0.0035
2026-07-23 09:30:06,"25 bps decrease",0.0035
2026-07-23 09:45:07,"25 bps decrease",0.0035
2026-07-23 10:00:05,"25 bps decrease",0.0035
2026-07-23 10:15:05,"25 bps decrease",0.0035
2026-07-23 10:30:06,"25 bps decrease",0.0035
2026-07-23 10:45:04,"25 bps decrease",0.0035
2026-07-23 11:00:06,"25 bps decrease",0.0035
2026-07-23 11:15:04,"25 bps decrease",0.0035
2026-07-23 11:30:16,"25 bps decrease",0.0035
2026-07-23 11:45:06,"25 bps decrease",0.0035
2026-07-23 12:00:06,"25 bps decrease",0.0035
2026-07-23 12:15:06,"25 bps decrease",0.0035
2026-07-23 12:30:05,"25 bps decrease",0.0035
2026-07-23 12:45:19,"25 bps decrease",0.0035
2026-07-23 13:00:05,"25 bps decrease",0.0035
2026-07-23 13:15:05,"25 bps decrease",0.0035
2026-07-23 13:30:07,"25 bps decrease",0.0035
2026-07-23 13:45:05,"25 bps decrease",0.0035
2026-07-23 14:00:05,"25 bps decrease",0.0035
2026-07-23 14:15:06,"25 bps decrease",0.0035
2026-07-23 14:30:07,"25 bps decrease",0.0035
2026-07-23 14:45:05,"25 bps decrease",0.0035
2026-07-23 15:00:07,"25 bps decrease",0.0035
2026-07-23 15:15:06,"25 bps decrease",0.0035
2026-07-23 15:30:05,"25 bps decrease",0.0035
2026-07-23 15:45:07,"25 bps decrease",0.0035
2026-07-23 16:00:08,"25 bps decrease",0.0035
2026-07-23 16:15:07,"25 bps decrease",0.0035
2026-07-23 16:30:07,"25 bps decrease",0.0035
2026-07-23 16:45:05,"25 bps decrease",0.0035
2026-07-23 17:00:06,"25 bps decrease",0.0035
2026-07-23 17:15:06,"25 bps decrease",0.0035
2026-07-23 17:30:05,"25 bps decrease",0.0035
2026-07-23 17:45:07,"25 bps decrease",0.0035
2026-07-23 18:00:08,"25 bps decrease",0.0035
2026-07-23 18:15:05,"25 bps decrease",0.0035
2026-07-23 18:30:06,"25 bps decrease",0.0035
2026-07-23 18:45:07,"25 bps decrease",0.0035
2026-07-23 19:00:07,"25 bps decrease",0.0035
2026-07-23 19:15:07,"25 bps decrease",0.0035
2026-07-23 19:30:05,"25 bps decrease",0.0035
2026-07-23 19:45:07,"25 bps decrease",0.0035
2026-07-23 20:00:05,"25 bps decrease",0.0035
2026-07-23 20:15:07,"25 bps decrease",0.0035
2026-07-23 20:30:05,"25 bps decrease",0.0035
2026-07-23 20:45:05,"25 bps decrease",0.0035
2026-07-23 21:00:05,"25 bps decrease",0.0035
2026-07-23 21:15:06,"25 bps decrease",0.0035
2026-07-23 21:30:05,"25 bps decrease",0.0035
2026-07-23 21:45:04,"25 bps decrease",0.0035
2026-07-23 22:00:07,"25 bps decrease",0.0035
2026-07-23 22:15:06,"25 bps decrease",0.0035
2026-07-23 22:30:07,"25 bps decrease",0.0035
2026-07-23 22:45:06,"25 bps decrease",0.0035
2026-07-23 23:00:06,"25 bps decrease",0.0035
2026-07-23 23:15:08,"25 bps decrease",0.0035
2026-07-23 23:30:07,"25 bps decrease",0.0035
2026-07-23 23:45:05,"25 bps decrease",0.0035
2026-07-24 00:00:05,"25 bps decrease",0.0035
2026-07-24 00:15:06,"25 bps decrease",0.0035
2026-07-24 00:30:08,"25 bps decrease",0.0035
2026-07-24 00:45:06,"25 bps decrease",0.0035
2026-07-24 01:00:04,"25 bps decrease",0.0035
2026-07-24 01:15:05,"25 bps decrease",0.0035
2026-07-24 01:30:04,"25 bps decrease",0.0035
2026-07-24 01:45:04,"25 bps decrease",0.0035
2026-07-24 02:00:05,"25 bps decrease",0.0035
2026-07-24 02:15:05,"25 bps decrease",0.0035
2026-07-24 02:30:04,"25 bps decrease",0.0035
2026-07-24 02:45:04,"25 bps decrease",0.0035
2026-07-24 03:00:04,"25 bps decrease",0.0035
2026-07-24 03:15:05,"25 bps decrease",0.0035
2026-07-24 03:30:06,"25 bps decrease",0.0035
2026-07-24 03:45:04,"25 bps decrease",0.0035
2026-07-24 04:00:05,"25 bps decrease",0.0035
2026-07-24 04:15:04,"25 bps decrease",0.0035
2026-07-24 04:30:04,"25 bps decrease",0.0035
2026-07-24 04:45:06,"25 bps decrease",0.0035
2026-07-24 05:00:06,"25 bps decrease",0.0035
2026-07-24 05:15:04,"25 bps decrease",0.0035
2026-07-24 05:30:05,"25 bps decrease",0.0035
2026-07-24 05:45:04,"25 bps decrease",0.0035
2026-07-24 06:00:06,"25 bps decrease",0.0035
2026-07-24 06:15:06,"25 bps decrease",0.0035
2026-07-24 06:30:06,"25 bps decrease",0.0035
2026-07-24 06:45:04,"25 bps decrease",0.0035
2026-07-24 07:00:05,"25 bps decrease",0.0035
2026-07-24 07:15:04,"25 bps decrease",0.0035
2026-07-24 07:30:05,"25 bps decrease",0.0035
2026-07-24 07:45:05,"25 bps decrease",0.0035
2026-07-24 08:00:05,"25 bps decrease",0.0035
2026-07-24 08:15:05,"25 bps decrease",0.0035
2026-07-24 08:30:06,"25 bps decrease",0.0035
2026-07-24 08:45:05,"25 bps decrease",0.0035
2026-07-24 09:00:08,"25 bps decrease",0.0035
2026-07-24 09:15:05,"25 bps decrease",0.0035
2026-07-24 09:30:06,"25 bps decrease",0.0035
2026-07-24 09:45:05,"25 bps decrease",0.0035
2026-07-24 10:00:07,"25 bps decrease",0.0035
2026-07-24 10:15:04,"25 bps decrease",0.0035
2026-07-24 10:30:07,"25 bps decrease",0.0035
2026-07-24 10:45:06,"25 bps decrease",0.0035
2026-07-24 11:00:05,"25 bps decrease",0.0035
2026-07-24 11:15:05,"25 bps decrease",0.0035
2026-07-24 11:30:05,"25 bps decrease",0.0035
2026-07-24 11:45:06,"25 bps decrease",0.0035
2026-07-24 12:00:07,"25 bps decrease",0.0035
2026-07-24 12:15:06,"25 bps decrease",0.0035
2026-07-24 12:30:07,"25 bps decrease",0.0035
2026-07-24 12:45:06,"25 bps decrease",0.0035
2026-07-24 13:00:06,"25 bps decrease",0.0035
2026-07-24 13:15:07,"25 bps decrease",0.0035
2026-07-24 13:30:06,"25 bps decrease",0.0035
2026-07-24 13:45:06,"25 bps decrease",0.0035
2026-07-24 14:00:07,"25 bps decrease",0.0035
2026-07-24 14:15:06,"25 bps decrease",0.0035
2026-07-24 14:30:04,"25 bps decrease",0.0035
2026-07-24 14:45:04,"25 bps decrease",0.0035
2026-07-24 15:00:05,"25 bps decrease",0.0035
2026-07-24 15:15:06,"25 bps decrease",0.0035
2026-07-24 15:30:22,"25 bps decrease",0.0035
2026-07-24 15:45:06,"25 bps decrease",0.0035
2026-07-24 16:00:07,"25 bps decrease",0.0035
2026-07-24 16:15:07,"25 bps decrease",0.0035
2026-07-24 16:30:19,"25 bps decrease",0.0035
2026-07-24 16:45:06,"25 bps decrease",0.0035
2026-07-24 17:00:05,"25 bps decrease",0.0035
2026-07-24 17:15:06,"25 bps decrease",0.0035
2026-07-24 17:30:05,"25 bps decrease",0.0035
2026-07-24 17:45:05,"25 bps decrease",0.0035
2026-07-24 18:00:05,"25 bps decrease",0.0035
2026-07-24 18:15:05,"25 bps decrease",0.0035
2026-07-24 18:30:05,"25 bps decrease",0.0035
2026-07-24 18:45:05,"25 bps decrease",0.0035
2026-07-24 19:00:07,"25 bps decrease",0.0035
2026-07-24 19:15:07,"25 bps decrease",0.0035
2026-07-24 19:30:07,"25 bps decrease",0.0035
2026-07-24 19:45:08,"25 bps decrease",0.0035
2026-07-24 20:00:06,"25 bps decrease",0.0035
2026-07-24 20:15:07,"25 bps decrease",0.0035
2026-07-24 20:30:07,"25 bps decrease",0.0035
2026-07-24 20:45:10,"25 bps decrease",0.0035
2026-07-24 21:00:07,"25 bps decrease",0.0035
2026-07-24 21:15:06,"25 bps decrease",0.0035
2026-07-24 21:30:06,"25 bps decrease",0.0035
2026-07-24 21:45:05,"25 bps decrease",0.0035
2026-07-24 22:00:07,"25 bps decrease",0.0035
2026-07-24 22:15:05,"25 bps decrease",0.0035
2026-07-24 22:30:05,"25 bps decrease",0.0035
2026-07-24 22:45:04,"25 bps decrease",0.0035
2026-07-24 23:00:04,"25 bps decrease",0.0035
2026-07-24 23:15:05,"25 bps decrease",0.0035
2026-07-24 23:30:05,"25 bps decrease",0.0035
2026-07-24 23:45:05,"25 bps decrease",0.0035
2026-07-25 00:00:05,"25 bps decrease",0.0035
2026-07-25 00:15:07,"25 bps decrease",0.0035
2026-07-25 00:30:05,"25 bps decrease",0.0035
2026-07-25 00:45:06,"25 bps decrease",0.0035
2026-07-25 01:00:05,"25 bps decrease",0.0035
2026-07-25 01:15:06,"25 bps decrease",0.0035
2026-07-25 01:30:18,"25 bps decrease",0.0045
2026-07-25 01:45:04,"25 bps decrease",0.0045
2026-07-25 02:00:07,"25 bps decrease",0.0045
2026-07-25 02:15:05,"25 bps decrease",0.0045
2026-07-25 02:30:04,"25 bps decrease",0.0045
2026-07-25 02:45:06,"25 bps decrease",0.0045
2026-07-25 03:00:17,"25 bps decrease",0.0045
2026-07-25 03:15:06,"25 bps decrease",0.0045
2026-07-25 03:30:05,"25 bps decrease",0.0045
2026-07-25 03:45:05,"25 bps decrease",0.0045
2026-07-25 04:00:06,"25 bps decrease",0.0045
2026-07-25 04:15:05,"25 bps decrease",0.0045
2026-07-25 04:30:06,"25 bps decrease",0.0045
2026-07-25 04:45:21,"25 bps decrease",0.0045
2026-07-25 05:00:05,"25 bps decrease",0.0045
2026-07-25 05:15:04,"25 bps decrease",0.0045
2026-07-25 05:30:06,"25 bps decrease",0.0045
2026-07-25 05:45:18,"25 bps decrease",0.0045
2026-07-25 06:00:05,"25 bps decrease",0.0045
2026-07-25 06:15:05,"25 bps decrease",0.0045
2026-07-25 06:30:07,"25 bps decrease",0.0045
2026-07-25 06:45:06,"25 bps decrease",0.0045
2026-07-25 07:00:05,"25 bps decrease",0.0045
2026-07-25 07:15:05,"25 bps decrease",0.0045
2026-07-25 07:30:15,"25 bps decrease",0.0045
2026-07-25 07:45:05,"25 bps decrease",0.0045
2026-07-25 08:00:18,"25 bps decrease",0.0045
2026-07-25 08:15:04,"25 bps decrease",0.0045
2026-07-25 08:30:05,"25 bps decrease",0.0045
2026-07-25 08:45:05,"25 bps decrease",0.0045
2026-07-25 09:00:05,"25 bps decrease",0.0045
2026-07-25 09:15:05,"25 bps decrease",0.0045
2026-07-25 09:30:05,"25 bps decrease",0.0045
2026-07-25 09:45:06,"25 bps decrease",0.0045
2026-07-25 10:00:07,"25 bps decrease",0.0045
2026-07-25 10:15:05,"25 bps decrease",0.0045
2026-07-25 10:30:07,"25 bps decrease",0.0045
2026-07-25 10:45:05,"25 bps decrease",0.0045
2026-07-25 11:00:08,"25 bps decrease",0.0045
2026-07-25 11:15:05,"25 bps decrease",0.0045
2026-07-25 11:30:06,"25 bps decrease",0.0045
2026-07-25 11:45:05,"25 bps decrease",0.0045
2026-07-25 12:00:07,"25 bps decrease",0.0045
2026-07-25 12:15:20,"25 bps decrease",0.0045
2026-07-25 12:30:05,"25 bps decrease",0.0045
2026-07-25 12:45:06,"25 bps decrease",0.0045
2026-07-25 13:00:05,"25 bps decrease",0.0045
2026-07-25 13:15:05,"25 bps decrease",0.0045
2026-07-25 13:30:05,"25 bps decrease",0.0045
2026-07-25 13:45:05,"25 bps decrease",0.0045
2026-07-25 14:00:07,"25 bps decrease",0.0045
2026-07-25 14:15:05,"25 bps decrease",0.0045
2026-07-25 14:30:05,"25 bps decrease",0.0045
2026-07-25 14:45:06,"25 bps decrease",0.0045
2026-07-25 15:00:06,"25 bps decrease",0.0045
2026-07-25 15:15:05,"25 bps decrease",0.0045
2026-07-25 15:30:06,"25 bps decrease",0.0045
2026-07-25 15:45:05,"25 bps decrease",0.0045
2026-07-25 16:00:06,"25 bps decrease",0.0045
2026-07-25 16:15:05,"25 bps decrease",0.0045
2026-07-25 16:30:05,"25 bps decrease",0.0045
2026-07-25 16:45:04,"25 bps decrease",0.0045
2026-07-25 17:00:19,"25 bps decrease",0.0045
2026-07-25 17:15:04,"25 bps decrease",0.0045
2026-07-25 17:30:05,"25 bps decrease",0.0045
2026-07-25 17:45:05,"25 bps decrease",0.0045
2026-07-25 18:00:05,"25 bps decrease",0.0045
2026-07-25 18:15:20,"25 bps decrease",0.0045
2026-07-25 18:30:06,"25 bps decrease",0.0045
2026-07-25 18:45:06,"25 bps decrease",0.0045
2026-07-25 19:00:22,"25 bps decrease",0.0045
2026-07-25 19:15:04,"25 bps decrease",0.0045
2026-07-25 19:30:05,"25 bps decrease",0.0045
2026-07-25 19:45:06,"25 bps decrease",0.0045
2026-07-25 20:00:06,"25 bps decrease",0.0045
2026-07-25 20:15:06,"25 bps decrease",0.0045
2026-07-25 20:30:06,"25 bps decrease",0.0045
2026-07-25 20:45:05,"25 bps decrease",0.0045
2026-07-25 21:00:06,"25 bps decrease",0.0045
2026-07-25 21:15:05,"25 bps decrease",0.0045
2026-07-25 21:30:05,"25 bps decrease",0.0045
2026-07-25 21:45:05,"25 bps decrease",0.0045
2026-07-25 22:00:05,"25 bps decrease",0.0045
2026-07-25 22:15:04,"25 bps decrease",0.0045
2026-07-25 22:30:06,"25 bps decrease",0.0045
2026-07-25 22:45:05,"25 bps decrease",0.0045
2026-07-25 23:00:05,"25 bps decrease",0.0045
2026-07-25 23:15:06,"25 bps decrease",0.0045
2026-07-25 23:30:07,"25 bps decrease",0.0045
2026-07-25 23:45:06,"25 bps decrease",0.0045
2026-07-26 00:00:04,"25 bps decrease",0.0045
2026-07-26 00:15:17,"25 bps decrease",0.0045
2026-07-26 00:30:06,"25 bps decrease",0.0045
2026-07-26 00:45:06,"25 bps decrease",0.0045
2026-07-26 01:00:05,"25 bps decrease",0.0045
2026-07-26 01:15:06,"25 bps decrease",0.0045
2026-07-26 01:30:06,"25 bps decrease",0.0045
2026-07-26 01:45:06,"25 bps decrease",0.0045
2026-07-26 02:00:05,"25 bps decrease",0.0045
2026-07-26 02:15:06,"25 bps decrease",0.0045
2026-07-26 02:30:07,"25 bps decrease",0.0045
2026-07-26 02:45:05,"25 bps decrease",0.0045
2026-07-26 03:00:24,"25 bps decrease",0.0045
2026-07-26 03:15:06,"25 bps decrease",0.0045
2026-07-26 03:30:06,"25 bps decrease",0.0045
2026-07-26 03:45:07,"25 bps decrease",0.0045
2026-07-26 04:00:07,"25 bps decrease",0.0045
2026-07-26 04:15:07,"25 bps decrease",0.0045
2026-07-26 04:30:06,"25 bps decrease",0.0045
2026-07-26 04:45:07,"25 bps decrease",0.0045
2026-07-26 05:00:06,"25 bps decrease",0.0045
2026-07-26 05:15:07,"25 bps decrease",0.0045
2026-07-26 05:30:06,"25 bps decrease",0.0045
2026-07-26 05:45:21,"25 bps decrease",0.0045
2026-07-26 06:00:05,"25 bps decrease",0.0045
2026-07-26 06:15:06,"25 bps decrease",0.0045
2026-07-26 06:30:18,"25 bps decrease",0.0045
2026-07-26 06:45:06,"25 bps decrease",0.0045
2026-07-26 07:00:06,"25 bps decrease",0.0045
2026-07-26 07:15:04,"25 bps decrease",0.0045
2026-07-26 07:30:05,"25 bps decrease",0.0045
2026-07-26 07:45:04,"25 bps decrease",0.0045
2026-07-26 08:00:05,"25 bps decrease",0.0045
2026-07-26 08:15:05,"25 bps decrease",0.0045
2026-07-26 08:30:06,"25 bps decrease",0.0045
2026-07-26 08:45:04,"25 bps decrease",0.0045
2026-07-26 09:00:05,"25 bps decrease",0.0045
2026-07-26 09:15:04,"25 bps decrease",0.0045
2026-07-26 09:30:05,"25 bps decrease",0.0045
2026-07-26 09:45:21,"25 bps decrease",0.0045
2026-07-26 10:00:04,"25 bps decrease",0.0045
2026-07-26 10:15:04,"25 bps decrease",0.0045
2026-07-26 10:30:04,"25 bps decrease",0.0045
2026-07-26 10:45:04,"25 bps decrease",0.0045
2026-07-26 11:00:22,"25 bps decrease",0.0045
2026-07-26 11:15:07,"25 bps decrease",0.0035
2026-07-26 11:30:05,"25 bps decrease",0.0035
2026-07-26 11:45:05,"25 bps decrease",0.0035
2026-07-26 12:00:05,"25 bps decrease",0.0035
2026-07-26 12:15:06,"25 bps decrease",0.0035
2026-07-26 12:30:06,"25 bps decrease",0.0035
2026-07-26 12:45:04,"25 bps decrease",0.0035
2026-07-26 13:00:05,"25 bps decrease",0.0035
2026-07-26 13:15:06,"25 bps decrease",0.0035
2026-07-26 13:30:06,"25 bps decrease",0.0035
2026-07-26 13:45:04,"25 bps decrease",0.0035
2026-07-26 14:00:05,"25 bps decrease",0.0035
2026-07-26 14:15:04,"25 bps decrease",0.0035
2026-07-26 14:30:05,"25 bps decrease",0.0035
2026-07-26 14:45:18,"25 bps decrease",0.0035
2026-07-26 15:00:06,"25 bps decrease",0.0035
2026-07-26 15:15:04,"25 bps decrease",0.0035
2026-07-26 15:30:06,"25 bps decrease",0.0035
2026-07-26 15:45:06,"25 bps decrease",0.0035
2026-07-26 16:00:20,"25 bps decrease",0.0035
2026-07-26 16:15:17,"25 bps decrease",0.0035
2026-07-26 16:30:07,"25 bps decrease",0.0035
2026-07-26 16:45:07,"25 bps decrease",0.0035
2026-07-26 17:00:24,"25 bps decrease",0.0035
2026-07-26 17:15:06,"25 bps decrease",0.0035
2026-07-26 17:30:06,"25 bps decrease",0.0035
2026-07-26 17:45:06,"25 bps decrease",0.0035
2026-07-26 18:00:06,"25 bps decrease",0.0035
2026-07-26 18:15:06,"25 bps decrease",0.0035
2026-07-26 18:30:06,"25 bps decrease",0.0035
2026-07-26 18:45:06,"25 bps decrease",0.0035
2026-07-26 19:00:06,"25 bps decrease",0.0035
2026-07-26 19:15:06,"25 bps decrease",0.0035
2026-07-26 19:30:06,"25 bps decrease",0.0035
2026-07-26 19:45:06,"25 bps decrease",0.0035
2026-07-26 20:00:05,"25 bps decrease",0.0035
2026-07-26 20:15:06,"25 bps decrease",0.0035
2026-07-26 20:30:04,"25 bps decrease",0.0035
2026-07-26 20:45:17,"25 bps decrease",0.0035
2026-07-26 21:00:06,"25 bps decrease",0.0035
2026-07-26 21:15:06,"25 bps decrease",0.0035
2026-07-26 21:30:04,"25 bps decrease",0.0035
2026-07-26 21:45:04,"25 bps decrease",0.0035
2026-07-26 22:00:05,"25 bps decrease",0.0035
2026-07-26 22:15:04,"25 bps decrease",0.0035
2026-07-26 22:30:06,"25 bps decrease",0.0035
2026-07-26 22:45:05,"25 bps decrease",0.0035
2026-07-26 23:00:05,"25 bps decrease",0.0035
2026-07-26 23:15:07,"25 bps decrease",0.0035
2026-07-26 23:30:06,"25 bps decrease",0.0035
2026-07-26 23:45:04,"25 bps decrease",0.0035
2026-07-27 00:00:06,"25 bps decrease",0.0035
2026-07-27 00:15:18,"25 bps decrease",0.0035
2026-07-27 00:30:05,"25 bps decrease",0.0035
2026-07-27 00:45:08,"25 bps decrease",0.0035
2026-07-27 01:00:05,"25 bps decrease",0.0035
2026-07-27 01:15:06,"25 bps decrease",0.0035
2026-07-27 01:30:07,"25 bps decrease",0.0035
2026-07-27 01:45:04,"25 bps decrease",0.0035
2026-07-27 02:00:06,"25 bps decrease",0.0035
2026-07-27 02:15:05,"25 bps decrease",0.0035
2026-07-27 02:30:05,"25 bps decrease",0.0035
2026-07-27 02:45:04,"25 bps decrease",0.0035
2026-07-27 03:00:04,"25 bps decrease",0.0035
2026-07-27 03:15:04,"25 bps decrease",0.0035
2026-07-27 03:30:04,"25 bps decrease",0.0035
2026-07-27 03:45:06,"25 bps decrease",0.0035
2026-07-27 04:00:05,"25 bps decrease",0.0035
2026-07-27 04:15:06,"25 bps decrease",0.0035
2026-07-27 04:30:04,"25 bps decrease",0.0035
2026-07-27 04:45:04,"25 bps decrease",0.0035
2026-07-27 05:00:04,"25 bps decrease",0.0035
2026-07-27 05:15:05,"25 bps decrease",0.0035
2026-07-27 05:30:05,"25 bps decrease",0.0035
2026-07-27 05:45:04,"25 bps decrease",0.0035
2026-07-27 06:00:05,"25 bps decrease",0.0035
2026-07-27 06:15:04,"25 bps decrease",0.0035
2026-07-27 06:30:04,"25 bps decrease",0.0035
2026-07-27 06:45:05,"25 bps decrease",0.0035
2026-07-27 07:00:06,"25 bps decrease",0.0035
2026-07-27 07:15:05,"25 bps decrease",0.0035
2026-07-27 07:30:05,"25 bps decrease",0.0035
2026-07-27 07:45:04,"25 bps decrease",0.0035
2026-07-27 08:00:04,"25 bps decrease",0.0035
2026-07-27 08:15:04,"25 bps decrease",0.0035
2026-07-27 08:30:06,"25 bps decrease",0.0035
2026-07-27 08:45:04,"25 bps decrease",0.0035
2026-07-27 09:00:05,"25 bps decrease",0.0035
2026-07-27 09:15:05,"25 bps decrease",0.0035
2026-07-27 09:30:05,"25 bps decrease",0.0035
2026-07-27 09:45:06,"25 bps decrease",0.0035
2026-07-27 10:00:05,"25 bps decrease",0.0035
2026-07-27 10:15:06,"25 bps decrease",0.0035
2026-07-27 10:30:05,"25 bps decrease",0.0035
2026-07-27 10:45:06,"25 bps decrease",0.0035
2026-07-27 11:00:05,"25 bps decrease",0.0035
2026-07-27 11:15:05,"25 bps decrease",0.0025
2026-07-27 11:30:06,"25 bps decrease",0.0025
2026-07-27 11:45:06,"25 bps decrease",0.0025
2026-07-27 12:00:04,"25 bps decrease",0.0025
2026-07-27 12:15:06,"25 bps decrease",0.0025
2026-07-27 12:30:06,"25 bps decrease",0.0025
2026-07-27 12:45:05,"25 bps decrease",0.0015
2026-07-27 13:00:04,"25 bps decrease",0.0015
2026-07-27 13:15:17,"25 bps decrease",0.0015
2026-07-27 13:30:06,"25 bps decrease",0.0015
2026-07-27 13:45:04,"25 bps decrease",0.0015
2026-07-27 14:00:06,"25 bps decrease",0.0015
2026-07-27 14:15:04,"25 bps decrease",0.0015
2026-07-27 14:30:10,"25 bps decrease",0.0015
2026-07-27 14:45:05,"25 bps decrease",0.0015
2026-07-27 15:00:19,"25 bps decrease",0.0015
2026-07-27 15:15:16,"25 bps decrease",0.0015
2026-07-27 15:30:05,"25 bps decrease",0.0015
2026-07-27 15:45:06,"25 bps decrease",0.0015
2026-07-27 16:00:20,"25 bps decrease",0.0015
2026-07-27 16:15:07,"25 bps decrease",0.0015
2026-07-27 16:30:04,"25 bps decrease",0.0015
2026-07-27 16:45:04,"25 bps decrease",0.0015
2026-07-27 17:00:05,"25 bps decrease",0.0015
2026-07-27 17:15:04,"25 bps decrease",0.0015
2026-07-27 17:30:05,"25 bps decrease",0.0015
2026-07-27 17:45:05,"25 bps decrease",0.0015
2026-07-27 18:00:06,"25 bps decrease",0.0015
2026-07-27 18:15:05,"25 bps decrease",0.0015
2026-07-27 18:30:06,"25 bps decrease",0.0015
2026-07-27 18:45:05,"25 bps decrease",0.0015
2026-07-27 19:00:07,"25 bps decrease",0.0015
2026-07-27 19:15:06,"25 bps decrease",0.0015
2026-07-27 19:30:05,"25 bps decrease",0.0015
2026-07-27 19:45:07,"25 bps decrease",0.0015
2026-07-27 20:00:07,"25 bps decrease",0.0015
2026-07-27 20:15:07,"25 bps decrease",0.0015
2026-07-27 20:30:07,"25 bps decrease",0.0015
2026-07-27 20:45:05,"25 bps decrease",0.0015
2026-07-27 21:00:06,"25 bps decrease",0.0015
2026-07-27 21:15:05,"25 bps decrease",0.0015
2026-07-27 21:30:05,"25 bps decrease",0.0015
2026-07-27 21:45:07,"25 bps decrease",0.0015
2026-07-27 22:00:06,"25 bps decrease",0.0015
2026-07-27 22:15:21,"25 bps decrease",0.0015
2026-07-27 22:30:04,"25 bps decrease",0.0015
2026-07-27 22:45:07,"25 bps decrease",0.0015
2026-07-27 23:00:07,"25 bps decrease",0.0015
2026-07-27 23:15:08,"25 bps decrease",0.0015
2026-07-27 23:30:05,"25 bps decrease",0.0015
2026-07-27 23:45:05,"25 bps decrease",0.0015
2026-07-28 00:00:07,"25 bps decrease",0.0015
2026-07-28 00:15:07,"25 bps decrease",0.0015
2026-07-28 00:30:05,"25 bps decrease",0.0015
2026-07-28 00:45:07,"25 bps decrease",0.0015
2026-07-28 01:00:05,"25 bps decrease",0.0015
2026-07-28 01:15:07,"25 bps decrease",0.0015
2026-07-28 01:30:05,"25 bps decrease",0.0015
2026-07-28 01:45:06,"25 bps decrease",0.0015
2026-07-28 02:00:07,"25 bps decrease",0.0015
2026-07-28 02:15:05,"25 bps decrease",0.0015
2026-07-28 02:30:04,"25 bps decrease",0.0015
2026-07-28 02:45:04,"25 bps decrease",0.0015
2026-07-28 03:00:07,"25 bps decrease",0.0015
2026-07-28 03:15:16,"25 bps decrease",0.0015
2026-07-28 03:30:20,"25 bps decrease",0.0015
2026-07-28 03:45:04,"25 bps decrease",0.0015
2026-07-28 04:00:08,"25 bps decrease",0.0015
2026-07-28 04:15:07,"25 bps decrease",0.0015
2026-07-28 04:30:08,"25 bps decrease",0.0015
2026-07-28 05:30:05,"25 bps decrease",0.0015
2026-07-28 05:45:05,"25 bps decrease",0.0015
2026-07-28 06:00:05,"25 bps decrease",0.0015
2026-07-28 06:15:05,"25 bps decrease",0.0015
2026-07-28 06:30:06,"25 bps decrease",0.0015
2026-07-28 06:45:05,"25 bps decrease",0.0015
2026-07-28 07:00:19,"25 bps decrease",0.0015
2026-07-28 07:15:04,"25 bps decrease",0.0015
2026-07-28 07:30:04,"25 bps decrease",0.0015
2026-07-28 07:45:18,"25 bps decrease",0.0015
2026-07-28 08:00:21,"25 bps decrease",0.0015
2026-07-28 08:15:04,"25 bps decrease",0.0015
2026-07-28 08:30:05,"25 bps decrease",0.0015
2026-07-28 08:45:07,"25 bps decrease",0.0015
2026-07-28 09:00:05,"25 bps decrease",0.0015
2026-07-28 09:15:05,"25 bps decrease",0.0015
2026-07-28 09:30:21,"25 bps decrease",0.0015
2026-07-28 09:45:06,"25 bps decrease",0.0015
2026-07-28 10:00:05,"25 bps decrease",0.0015
2026-07-28 10:15:04,"25 bps decrease",0.0015
2026-07-28 10:30:05,"25 bps decrease",0.0015
2026-07-28 10:45:05,"25 bps decrease",0.0015
2026-07-28 11:00:07,"25 bps decrease",0.0015
2026-07-28 11:15:06,"25 bps decrease",0.0015
2026-07-28 11:30:06,"25 bps decrease",0.0015
2026-07-28 11:45:07,"25 bps decrease",0.0015
2026-07-28 12:00:07,"25 bps decrease",0.0015
2026-07-28 12:15:07,"25 bps decrease",0.0015
2026-07-28 12:30:07,"25 bps decrease",0.0015
2026-07-28 12:45:08,"25 bps decrease",0.0015
2026-07-28 13:00:08,"25 bps decrease",0.0015
2026-07-28 13:15:07,"25 bps decrease",0.0015
2026-07-28 13:30:05,"25 bps decrease",0.0015
2026-07-28 13:45:07,"25 bps decrease",0.0015
2026-07-28 14:00:08,"25 bps decrease",0.0015
2026-07-28 14:15:07,"25 bps decrease",0.0015
2026-07-28 14:30:08,"25 bps decrease",0.0015
2026-07-28 14:45:07,"25 bps decrease",0.0015
2026-07-28 15:00:24,"25 bps decrease",0.0015
2026-07-28 15:15:07,"25 bps decrease",0.0015
2026-07-28 15:30:08,"25 bps decrease",0.0015
2026-07-28 15:45:22,"25 bps decrease",0.0015
2026-07-28 16:00:08,"25 bps decrease",0.0015
2026-07-28 16:15:24,"25 bps decrease",0.0015
2026-07-28 16:30:07,"25 bps decrease",0.0015
2026-07-28 16:45:06,"25 bps decrease",0.0015
2026-07-28 17:00:07,"25 bps decrease",0.0015
2026-07-28 17:15:09,"25 bps decrease",0.0015
2026-07-28 17:30:10,"25 bps decrease",0.0015
2026-07-28 17:45:08,"25 bps decrease",0.0015
2026-07-28 18:00:08,"25 bps decrease",0.0015
2026-07-28 18:15:09,"25 bps decrease",0.0015
2026-07-28 18:30:10,"25 bps decrease",0.0015
2026-07-28 18:45:06,"25 bps decrease",0.0015
2026-07-28 19:00:07,"25 bps decrease",0.0015
2026-07-28 19:15:08,"25 bps decrease",0.0015
2026-07-28 19:30:50,"25 bps decrease",0.0015
2026-07-28 19:45:26,"25 bps decrease",0.0015
2026-07-28 20:00:17,"25 bps decrease",0.0015
2026-07-28 20:15:07,"25 bps decrease",0.0015
2026-07-28 20:30:06,"25 bps decrease",0.0015
2026-07-28 20:45:07,"25 bps decrease",0.0015
2026-07-28 21:00:09,"25 bps decrease",0.0015
2026-07-28 21:15:08,"25 bps decrease",0.0015
2026-07-28 21:30:06,"25 bps decrease",0.0015
2026-07-28 21:45:08,"25 bps decrease",0.0015
2026-07-28 22:00:06,"25 bps decrease",0.0015
2026-07-28 22:15:09,"25 bps decrease",0.0015
2026-07-28 22:30:06,"25 bps decrease",0.0015
2026-07-28 22:45:09,"25 bps decrease",0.0015
2026-07-28 23:00:09,"25 bps decrease",0.0015
2026-07-28 23:15:18,"25 bps decrease",0.0015
2026-07-28 23:30:06,"25 bps decrease",0.0015
2026-07-28 23:45:08,"25 bps decrease",0.0015
2026-07-29 00:00:09,"25 bps decrease",0.0015
2026-07-29 00:15:09,"25 bps decrease",0.0015
2026-07-29 00:30:07,"25 bps decrease",0.0015
2026-07-29 00:45:06,"25 bps decrease",0.0015
2026-07-29 01:00:08,"25 bps decrease",0.0015
2026-07-29 01:15:08,"25 bps decrease",0.0015
2026-07-29 01:30:10,"25 bps decrease",0.0015
2026-07-29 01:45:06,"25 bps decrease",0.0015
2026-07-29 02:00:08,"25 bps decrease",0.0015
2026-07-29 02:15:06,"25 bps decrease",0.0015
2026-07-29 02:30:07,"25 bps decrease",0.0015
2026-07-29 02:45:06,"25 bps decrease",0.0015
2026-07-29 03:00:08,"25 bps decrease",0.0015
2026-07-29 03:15:06,"25 bps decrease",0.0015
2026-07-29 03:30:06,"25 bps decrease",0.0015
2026-07-29 03:45:09,"25 bps decrease",0.0015
2026-07-29 04:00:09,"25 bps decrease",0.0015
2026-07-29 04:15:06,"25 bps decrease",0.0015
2026-07-29 04:30:06,"25 bps decrease",0.0015
2026-07-29 04:45:23,"25 bps decrease",0.0015
2026-07-29 05:00:07,"25 bps decrease",0.0015
2026-07-29 05:15:07,"25 bps decrease",0.0015
2026-07-29 05:30:08,"25 bps decrease",0.0015
2026-07-29 05:45:06,"25 bps decrease",0.0015
2026-07-29 06:00:08,"25 bps decrease",0.0015
2026-07-29 06:15:06,"25 bps decrease",0.0015
2026-07-29 06:30:06,"25 bps decrease",0.0015
2026-07-29 06:45:07,"25 bps decrease",0.0015
2026-07-29 07:00:06,"25 bps decrease",0.0015
2026-07-29 07:15:06,"25 bps decrease",0.0015
2026-07-29 07:30:07,"25 bps decrease",0.0015
2026-07-29 07:45:07,"25 bps decrease",0.0015
2026-07-29 08:00:06,"25 bps decrease",0.0015
2026-07-29 08:15:06,"25 bps decrease",0.0015
2026-07-29 08:30:06,"25 bps decrease",0.0015
2026-07-29 08:45:08,"25 bps decrease",0.0015
2026-07-29 09:00:06,"25 bps decrease",0.0015
2026-07-29 09:15:07,"25 bps decrease",0.0015
2026-07-29 09:30:06,"25 bps decrease",0.0015
2026-07-29 09:45:08,"25 bps decrease",0.0015
2026-07-29 10:00:07,"25 bps decrease",0.0015
2026-07-29 10:15:08,"25 bps decrease",0.0015
2026-07-29 10:30:07,"25 bps decrease",0.0015
2026-07-29 10:45:06,"25 bps decrease",0.0015
2026-07-29 11:00:06,"25 bps decrease",0.0015
2026-07-29 11:15:08,"25 bps decrease",0.0015
2026-07-29 11:30:06,"25 bps decrease",0.0015
2026-07-29 11:45:08,"25 bps decrease",0.0015
2026-07-29 12:00:09,"25 bps decrease",0.0025
2026-07-29 12:15:08,"25 bps decrease",0.0025
2026-07-29 12:30:09,"25 bps decrease",0.0025
2026-07-29 12:45:09,"25 bps decrease",0.0035
2026-07-29 13:00:07,"25 bps decrease",0.0025
2026-07-29 13:15:06,"25 bps decrease",0.0015
2026-07-29 13:30:06,"25 bps decrease",0.0025
